"datasetName","decimalLongitude","decimalLatitude","depth","scientificName"
"gbif",-82.983138,12.302679,NA,"Halichoeres poeyi"
"gbif",-71.657318,17.916467,NA,"Halichoeres poeyi"
"gbif",-77.103134,18.407389,NA,"Halichoeres poeyi"
"gbif",-79.618533,9.615828,NA,"Halichoeres poeyi"
"gbif",-62.849205,17.892751,NA,"Halichoeres poeyi"
"gbif",-61.380103,16.221796,NA,"Halichoeres poeyi"
"gbif",-68.830311,18.34792,NA,"Halichoeres poeyi"
"gbif",-80.328605,27.469805,NA,"Halichoeres poeyi"
"gbif",-80.289448,27.471241,NA,"Halichoeres poeyi"
"gbif",-63.017175,18.107254,NA,"Halichoeres poeyi"
"gbif",-63.030451,18.256824,NA,"Halichoeres poeyi"
"gbif",-64.85261,18.317753,NA,"Halichoeres poeyi"
"gbif",-63.05756,18.022005,NA,"Halichoeres poeyi"
"gbif",-77.0398,18.421743,NA,"Halichoeres poeyi"
"gbif",-77.039745,18.421707,NA,"Halichoeres poeyi"
"gbif",-75.477792,19.885994,NA,"Halichoeres poeyi"
"gbif",-82.688957,9.641887,NA,"Halichoeres poeyi"
"gbif",-69.613752,18.444043,NA,"Halichoeres poeyi"
"gbif",-67.0779,17.9412,1.83,"Halichoeres poeyi"
"gbif",-62.847752,17.891913,NA,"Halichoeres poeyi"
"gbif",-87.377101,20.276918,NA,"Halichoeres poeyi"
"gbif",-67.0779,17.9412,3.05,"Halichoeres poeyi"
"gbif",-65.634255,18.375889,NA,"Halichoeres poeyi"
"gbif",-74.127399,11.320162,1.5,"Halichoeres poeyi"
"gbif",-67.27367,18.16304,11,"Halichoeres poeyi"
"gbif",-67.27524,18.16517,18,"Halichoeres poeyi"
"gbif",-67.27632,18.16637,31.5,"Halichoeres poeyi"
"gbif",-67.26688,18.35072,4,"Halichoeres poeyi"
"gbif",-67.27118,18.34652,18,"Halichoeres poeyi"
"gbif",-67.26997,18.34732,11,"Halichoeres poeyi"
"gbif",-67.16267,18.45713,7.62,"Halichoeres poeyi"
"gbif",-67.16075,18.44494,11.28,"Halichoeres poeyi"
"gbif",-66.95998,17.89755,18,"Halichoeres poeyi"
"gbif",-67.23322,17.99116,11,"Halichoeres poeyi"
"gbif",-67.3299,18.0017,4,"Halichoeres poeyi"
"gbif",-66.9978,17.88827,18,"Halichoeres poeyi"
"gbif",-80.042333,26.782617,NA,"Halichoeres poeyi"
"gbif",-79.026332,22.660283,NA,"Halichoeres poeyi"
"gbif",-80.165955,25.362841,NA,"Halichoeres poeyi"
"gbif",-66.88836,17.93626,4,"Halichoeres poeyi"
"gbif",-66.87385,17.93657,4,"Halichoeres poeyi"
"gbif",-66.7563,17.9649,4,"Halichoeres poeyi"
"gbif",-66.75284,17.96093,11,"Halichoeres poeyi"
"gbif",-66.74697,17.95955,18,"Halichoeres poeyi"
"gbif",-67.05067,17.93937,4,"Halichoeres poeyi"
"gbif",-67.0485,17.93472,11,"Halichoeres poeyi"
"gbif",-65.08205,18.34064,9,"Halichoeres poeyi"
"gbif",-64.98435,18.34403,6,"Halichoeres poeyi"
"gbif",-66.52824,17.89507,4,"Halichoeres poeyi"
"gbif",-66.3025,17.93457,4,"Halichoeres poeyi"
"gbif",-66.60856,17.90404,18,"Halichoeres poeyi"
"gbif",-66.21401,17.91544,11,"Halichoeres poeyi"
"gbif",-81.35,13.425,NA,"Halichoeres poeyi"
"gbif",-81.405056,13.362722,12.25,"Halichoeres poeyi"
"gbif",-69.539818,19.323856,NA,"Halichoeres poeyi"
"gbif",-64.76408,18.31417,6,"Halichoeres poeyi"
"gbif",-64.65221,17.71097,6,"Halichoeres poeyi"
"gbif",-65.00158,18.20217,39,"Halichoeres poeyi"
"gbif",-64.5716,17.74337,14,"Halichoeres poeyi"
"gbif",-64.86058,18.31257,7,"Halichoeres poeyi"
"gbif",-64.75862,18.24447,30,"Halichoeres poeyi"
"gbif",-64.7594,17.7853,11,"Halichoeres poeyi"
"gbif",-78.019539,24.706381,NA,"Halichoeres poeyi"
"gbif",-82.618183,9.630245,NA,"Halichoeres poeyi"
"gbif",-87.716433,18.684044,NA,"Halichoeres poeyi"
"gbif",-64.44963,17.82427,33,"Halichoeres poeyi"
"gbif",-75.16116,19.919616,NA,"Halichoeres poeyi"
"gbif",-67.25297,18.17202,18,"Halichoeres poeyi"
"gbif",-67.24758,18.14658,4,"Halichoeres poeyi"
"gbif",-67.24803,18.14653,11,"Halichoeres poeyi"
"gbif",-67.1919,18.1893,4,"Halichoeres poeyi"
"gbif",-67.20057,18.23353,11,"Halichoeres poeyi"
"gbif",-67.20092,18.2335,18,"Halichoeres poeyi"
"gbif",-74.24058,11.21917,NA,"Halichoeres poeyi"
"gbif",-67.4886,18.38158,18,"Halichoeres poeyi"
"gbif",-67.48833,18.382,18,"Halichoeres poeyi"
"gbif",-67.484,18.37747,31.5,"Halichoeres poeyi"
"gbif",-80.040565,26.783297,NA,"Halichoeres poeyi"
"gbif",-67.0779,17.9412,1.52,"Halichoeres poeyi"
"gbif",-66.0823,18.46118,1.52,"Halichoeres poeyi"
"gbif",-66.08705,18.45372,5.18,"Halichoeres poeyi"
"gbif",-87.379325,20.276608,NA,"Halichoeres poeyi"
"gbif",-80.092931,26.187989,NA,"Halichoeres poeyi"
"gbif",-65.2773,18.27587,18,"Halichoeres poeyi"
"gbif",-65.19714,18.13869,31.5,"Halichoeres poeyi"
"gbif",-65.332,18.32779,11,"Halichoeres poeyi"
"gbif",-65.32772,18.30493,4,"Halichoeres poeyi"
"gbif",-65.48794,18.08057,11,"Halichoeres poeyi"
"gbif",-65.56711,18.35466,18,"Halichoeres poeyi"
"gbif",-65.53089,18.36033,4,"Halichoeres poeyi"
"gbif",-65.62972,18.38544,4,"Halichoeres poeyi"
"gbif",-65.56555,18.33537,11,"Halichoeres poeyi"
"gbif",-65.59008,18.08964,18,"Halichoeres poeyi"
"gbif",-80.043787,26.782916,NA,"Halichoeres poeyi"
"gbif",-66.0517,18.46222,4,"Halichoeres poeyi"
"gbif",-66.3736,18.48955,11,"Halichoeres poeyi"
"gbif",-67.26918,18.35743,3.05,"Halichoeres poeyi"
"gbif",-81.850836,12.194442,1.1,"Halichoeres poeyi"
"gbif",-81.861386,12.195828,3.25,"Halichoeres poeyi"
"gbif",-81.860553,12.186111,3,"Halichoeres poeyi"
"gbif",-81.84648,12.16297,2.75,"Halichoeres poeyi"
"gbif",-81.871108,12.173608,2.65,"Halichoeres poeyi"
"gbif",-81.858608,12.144442,2,"Halichoeres poeyi"
"gbif",-81.89,12.08,15,"Halichoeres poeyi"
"gbif",-67.15586,18.4264,2.74,"Halichoeres poeyi"
"gbif",-68.23308,12.094591,NA,"Halichoeres poeyi"
"gbif",-64.59743,17.76278,7,"Halichoeres poeyi"
"gbif",-64.8954,17.734,8,"Halichoeres poeyi"
"gbif",-64.8135,17.77388,10,"Halichoeres poeyi"
"gbif",-67.26573,18.35065,2.44,"Halichoeres poeyi"
"gbif",-67.26918,18.35743,3.66,"Halichoeres poeyi"
"gbif",-74.21598,11.24602,NA,"Halichoeres poeyi"
"gbif",-74.19433,11.26672,NA,"Halichoeres poeyi"
"gbif",-77.356667,8.672167,10.5,"Halichoeres poeyi"
"gbif",-67.32993,18.00138,4,"Halichoeres poeyi"
"gbif",-86.96249,20.499667,NA,"Halichoeres poeyi"
"gbif",-62.800252,17.911054,NA,"Halichoeres poeyi"
"gbif",-79.832186,15.834211,3.3,"Halichoeres poeyi"
"gbif",-79.841028,15.809056,8,"Halichoeres poeyi"
"gbif",-79.850692,15.804141,11.6,"Halichoeres poeyi"
"gbif",-79.839859,15.833428,9.6,"Halichoeres poeyi"
"gbif",-79.83236,15.832056,7,"Halichoeres poeyi"
"gbif",-79.848611,15.793972,15,"Halichoeres poeyi"
"gbif",-79.845083,15.796417,2,"Halichoeres poeyi"
"gbif",-79.888708,15.894373,19.6,"Halichoeres poeyi"
"gbif",-87.8276,18.2667,0,"Halichoeres poeyi"
"gbif",-39.6975,-19.749167,NA,"Halichoeres poeyi"
"gbif",-82.92519,24.56931,14,"Halichoeres poeyi"
"gbif",-82.92509,24.56908,13.7,"Halichoeres poeyi"
"gbif",-82.94328,24.57724,15.2,"Halichoeres poeyi"
"gbif",-82.94323,24.57739,16.2,"Halichoeres poeyi"
"gbif",-82.80419,24.72293,13.1,"Halichoeres poeyi"
"gbif",-82.80421,24.72275,13.6,"Halichoeres poeyi"
"gbif",-82.81426,24.72437,17.8,"Halichoeres poeyi"
"gbif",-82.81093,24.7243,15.4,"Halichoeres poeyi"
"gbif",-82.81432,24.72439,17.8,"Halichoeres poeyi"
"gbif",-82.872,24.6069,15.4,"Halichoeres poeyi"
"gbif",-82.8719,24.60679,20.9,"Halichoeres poeyi"
"gbif",-82.8107,24.72435,16.3,"Halichoeres poeyi"
"gbif",-82.95756,24.63837,22.6,"Halichoeres poeyi"
"gbif",-82.9025,24.61122,11,"Halichoeres poeyi"
"gbif",-82.9025,24.61115,9.4,"Halichoeres poeyi"
"gbif",-82.95744,24.63825,20.6,"Halichoeres poeyi"
"gbif",-82.95505,24.65239,18,"Halichoeres poeyi"
"gbif",-82.96069,24.64911,18.4,"Halichoeres poeyi"
"gbif",-82.95765,24.6517,19.1,"Halichoeres poeyi"
"gbif",-82.95745,24.65183,23.8,"Halichoeres poeyi"
"gbif",-82.95522,24.65252,17.7,"Halichoeres poeyi"
"gbif",-82.85974,24.69691,8.4,"Halichoeres poeyi"
"gbif",-82.96061,24.64922,18.9,"Halichoeres poeyi"
"gbif",-82.85444,24.72297,27.3,"Halichoeres poeyi"
"gbif",-82.80991,24.72734,18,"Halichoeres poeyi"
"gbif",-82.91306,24.57572,12.5,"Halichoeres poeyi"
"gbif",-82.85437,24.72285,26.2,"Halichoeres poeyi"
"gbif",-82.81,24.72742,17.7,"Halichoeres poeyi"
"gbif",-82.85963,24.69694,7.6,"Halichoeres poeyi"
"gbif",-82.91272,24.5757,13.4,"Halichoeres poeyi"
"gbif",-82.94318,24.58912,13.7,"Halichoeres poeyi"
"gbif",-82.90698,24.58201,10.5,"Halichoeres poeyi"
"gbif",-82.94338,24.58925,13.7,"Halichoeres poeyi"
"gbif",-82.90674,24.58185,10.8,"Halichoeres poeyi"
"gbif",-82.78807,24.72353,15.4,"Halichoeres poeyi"
"gbif",-82.83385,24.72065,11,"Halichoeres poeyi"
"gbif",-82.83388,24.72058,11,"Halichoeres poeyi"
"gbif",-82.83903,24.72352,25.6,"Halichoeres poeyi"
"gbif",-82.79814,24.72669,16.2,"Halichoeres poeyi"
"gbif",-82.81797,24.72701,22.7,"Halichoeres poeyi"
"gbif",-82.81803,24.72703,23.2,"Halichoeres poeyi"
"gbif",-82.83911,24.72343,24.2,"Halichoeres poeyi"
"gbif",-82.85609,24.63791,13.1,"Halichoeres poeyi"
"gbif",-82.78785,24.72367,16.6,"Halichoeres poeyi"
"gbif",-82.96631,24.63315,24.5,"Halichoeres poeyi"
"gbif",-82.87774,24.66398,9.1,"Halichoeres poeyi"
"gbif",-82.96633,24.63333,17.2,"Halichoeres poeyi"
"gbif",-82.79827,24.72661,16,"Halichoeres poeyi"
"gbif",-82.85601,24.63783,13.1,"Halichoeres poeyi"
"gbif",-82.80435,24.72624,17.1,"Halichoeres poeyi"
"gbif",-82.85004,24.72208,16.8,"Halichoeres poeyi"
"gbif",-82.85821,24.66312,9,"Halichoeres poeyi"
"gbif",-82.80449,24.72623,16.6,"Halichoeres poeyi"
"gbif",-82.85821,24.66313,8.8,"Halichoeres poeyi"
"gbif",-82.87777,24.6641,8.7,"Halichoeres poeyi"
"gbif",-82.96134,24.5686,21.2,"Halichoeres poeyi"
"gbif",-82.81782,24.72474,19.5,"Halichoeres poeyi"
"gbif",-82.81766,24.7248,19.2,"Halichoeres poeyi"
"gbif",-82.94887,24.56783,17.8,"Halichoeres poeyi"
"gbif",-82.94888,24.56779,18.6,"Halichoeres poeyi"
"gbif",-82.9613,24.56852,21.2,"Halichoeres poeyi"
"gbif",-82.92727,24.58163,15.7,"Halichoeres poeyi"
"gbif",-82.92698,24.58212,13.1,"Halichoeres poeyi"
"gbif",-82.85003,24.72221,17.2,"Halichoeres poeyi"
"gbif",-82.92723,24.58179,14.3,"Halichoeres poeyi"
"gbif",-82.96883,24.63093,22.6,"Halichoeres poeyi"
"obis",-80.3733833,25.0665,2.3,"Halichoeres poeyi"
"obis",-81.98917,24.46591,7.3,"Halichoeres poeyi"
"obis",-80.23362,25.21205,3,"Halichoeres poeyi"
"obis",-80.1233332,25.4424,3.5,"Halichoeres poeyi"
"obis",-80.3311332,25.08195,5.2,"Halichoeres poeyi"
"obis",-80.1610999,25.39115,5.6,"Halichoeres poeyi"
"obis",-80.2681999,25.15515,6.1,"Halichoeres poeyi"
"obis",-81.0529332,24.6480333,6.6,"Halichoeres poeyi"
"obis",-80.2349667,25.1819833,10.2,"Halichoeres poeyi"
"obis",-83.0587833,24.6378167,13.1,"Halichoeres poeyi"
"obis",-81.5274166,24.52265,4.9,"Halichoeres poeyi"
"obis",-80.8851167,24.7092333,7,"Halichoeres poeyi"
"obis",-80.37229,25.02252,3.8,"Halichoeres poeyi"
"obis",-80.6215833,24.8501167,2.9,"Halichoeres poeyi"
"obis",-81.3269666,24.5699667,6.7,"Halichoeres poeyi"
"obis",-80.4887999,24.9378667,7.3,"Halichoeres poeyi"
"obis",-81.8095,24.4775833,7.8,"Halichoeres poeyi"
"obis",-83.03559,24.63598,14.3,"Halichoeres poeyi"
"obis",-81.1352167,24.6204333,8.2,"Halichoeres poeyi"
"obis",-83.0557167,24.6790333,21.6,"Halichoeres poeyi"
"obis",-80.1533999,25.3576833,8.2,"Halichoeres poeyi"
"obis",-81.8317666,24.47735,5.2,"Halichoeres poeyi"
"obis",-81.4731167,24.53505,7.6,"Halichoeres poeyi"
"obis",-80.349817,25.03855,3.1,"Halichoeres poeyi"
"obis",-80.4164,24.9909167,2.4,"Halichoeres poeyi"
"obis",-80.93216,24.69791,4,"Halichoeres poeyi"
"obis",-81.7071333,24.4847,2.3,"Halichoeres poeyi"
"obis",-80.5083333,24.9201,6.9,"Halichoeres poeyi"
"obis",-80.531633,24.910417,4.9,"Halichoeres poeyi"
"obis",-80.50191,24.93714,5.4,"Halichoeres poeyi"
"obis",-80.75921,24.76333,6.6,"Halichoeres poeyi"
"obis",-81.8784333,24.4515834,8.5,"Halichoeres poeyi"
"obis",-80.16342,25.39831,2.7,"Halichoeres poeyi"
"obis",-80.1348,25.4614,4.9,"Halichoeres poeyi"
"obis",-80.9704,24.6824667,5.2,"Halichoeres poeyi"
"obis",-80.1529166,25.4440167,4.4,"Halichoeres poeyi"
"obis",-80.7547667,24.7663667,5.9,"Halichoeres poeyi"
"obis",-81.7057167,24.48525,2.9,"Halichoeres poeyi"
"obis",-80.6023333,24.8683,6.3,"Halichoeres poeyi"
"obis",-80.13037,25.41126,6.1,"Halichoeres poeyi"
"obis",-80.1510833,25.44905,4.9,"Halichoeres poeyi"
"obis",-81.2239666,24.599,8.8,"Halichoeres poeyi"
"obis",-81.7078833,24.4849167,2.6,"Halichoeres poeyi"
"obis",-80.5034833,24.9253667,5.2,"Halichoeres poeyi"
"obis",-81.1890833,24.60695,8.2,"Halichoeres poeyi"
"obis",-81.4063,24.5482667,2,"Halichoeres poeyi"
"obis",-80.2834,25.1221667,9.8,"Halichoeres poeyi"
"obis",-81.56355,24.5209333,8.8,"Halichoeres poeyi"
"obis",-81.0377667,24.6978167,4.1,"Halichoeres poeyi"
"obis",-80.9346333,24.6973667,4.9,"Halichoeres poeyi"
"obis",-81.5848333,24.5215667,6.7,"Halichoeres poeyi"
"obis",-81.8760666,24.4595,5.9,"Halichoeres poeyi"
"obis",-80.341233,25.07145,4.6,"Halichoeres poeyi"
"obis",-80.62165,24.84988,2.7,"Halichoeres poeyi"
"obis",-81.4063166,24.55135,3.1,"Halichoeres poeyi"
"obis",-81.8831333,24.4576,5.6,"Halichoeres poeyi"
"obis",-80.5067166,24.9236167,7.2,"Halichoeres poeyi"
"obis",-80.75312,24.765,10.1,"Halichoeres poeyi"
"obis",-80.5020333,24.9367667,5,"Halichoeres poeyi"
"obis",-80.21617,25.22686,6.7,"Halichoeres poeyi"
"obis",-81.8317833,24.4776667,5.6,"Halichoeres poeyi"
"obis",-80.3246832,25.0747667,7.3,"Halichoeres poeyi"
"obis",-80.4167167,25.0135167,3.2,"Halichoeres poeyi"
"obis",-81.8935833,24.4526834,7,"Halichoeres poeyi"
"obis",-80.36955,25.0507167,3,"Halichoeres poeyi"
"obis",-80.7404,24.7785,5,"Halichoeres poeyi"
"obis",-81.4897667,24.54195,6.9,"Halichoeres poeyi"
"obis",-81.87892,24.45702,3.2,"Halichoeres poeyi"
"obis",-80.1214666,25.5064834,4.1,"Halichoeres poeyi"
"obis",-80.1444348,25.4112592,7.2,"Halichoeres poeyi"
"obis",-80.1860832,25.2825,11.3,"Halichoeres poeyi"
"obis",-81.7216333,24.4812833,6.9,"Halichoeres poeyi"
"obis",-80.14306,25.45553,5.7,"Halichoeres poeyi"
"obis",-80.9643333,24.7018333,4.7,"Halichoeres poeyi"
"obis",-82.0020333,24.45655,7,"Halichoeres poeyi"
"obis",-81.7180667,24.4829333,2.9,"Halichoeres poeyi"
"obis",-80.68405,24.81028,8.7,"Halichoeres poeyi"
"obis",-80.4011,25.017117,4.6,"Halichoeres poeyi"
"obis",-80.1803666,25.2975667,9.9,"Halichoeres poeyi"
"obis",-81.5803667,24.5223333,2.3,"Halichoeres poeyi"
"obis",-80.24313,25.20847,2.4,"Halichoeres poeyi"
"obis",-81.7351167,24.47955,9.1,"Halichoeres poeyi"
"obis",-81.6146333,24.5172,7.6,"Halichoeres poeyi"
"obis",-80.26737,25.14134,4.8,"Halichoeres poeyi"
"obis",-80.1202999,25.4662834,9.6,"Halichoeres poeyi"
"obis",-80.36114,25.0576,3,"Halichoeres poeyi"
"obis",-81.2128,24.5984,8.1,"Halichoeres poeyi"
"obis",-80.43475,24.99055,6.6,"Halichoeres poeyi"
"obis",-82.812,24.66267,8.4,"Halichoeres poeyi"
"obis",-80.7560167,24.7645,6.6,"Halichoeres poeyi"
"obis",-81.0111333,24.66345,4.4,"Halichoeres poeyi"
"obis",-80.3738,25.01152,3,"Halichoeres poeyi"
"obis",-83.0636333,24.6069167,14.2,"Halichoeres poeyi"
"obis",-80.2594333,25.1501,6.7,"Halichoeres poeyi"
"obis",-82.833517,24.636333,7.8,"Halichoeres poeyi"
"obis",-80.28373,25.13306,8.5,"Halichoeres poeyi"
"obis",-80.10912,25.52869,7,"Halichoeres poeyi"
"obis",-80.7569333,24.7635333,7.6,"Halichoeres poeyi"
"obis",-80.3793999,25.00375,4.7,"Halichoeres poeyi"
"obis",-81.7081333,24.4862,2.7,"Halichoeres poeyi"
"obis",-80.9704,24.6824667,5.3,"Halichoeres poeyi"
"obis",-80.3263,25.0804333,5.2,"Halichoeres poeyi"
"obis",-81.8422167,24.4802667,6.1,"Halichoeres poeyi"
"obis",-80.2457167,25.1674333,13,"Halichoeres poeyi"
"obis",-82.88297,24.5919,10.7,"Halichoeres poeyi"
"obis",-80.33931,25.07224,4.6,"Halichoeres poeyi"
"obis",-81.8362333,24.4640333,6.6,"Halichoeres poeyi"
"obis",-80.26035,25.1458833,2.3,"Halichoeres poeyi"
"obis",-81.8438333,24.46285,2.1,"Halichoeres poeyi"
"obis",-83.05215,24.6456167,13.6,"Halichoeres poeyi"
"obis",-82.83918,24.64297,7.3,"Halichoeres poeyi"
"obis",-80.3729166,25.0167667,5.8,"Halichoeres poeyi"
"obis",-80.96718,24.68547,3.5,"Halichoeres poeyi"
"obis",-80.50185,24.93671,5.4,"Halichoeres poeyi"
"obis",-83.0757333,24.6452833,16.2,"Halichoeres poeyi"
"obis",-80.2323832,25.20725,6.3,"Halichoeres poeyi"
"obis",-82.84103,24.63534,10.1,"Halichoeres poeyi"
"obis",-80.3334833,25.0927,3.8,"Halichoeres poeyi"
"obis",-80.1417,25.4674,4.8,"Halichoeres poeyi"
"obis",-80.3240833,25.0752833,5.9,"Halichoeres poeyi"
"obis",-80.1056499,25.55305,5.9,"Halichoeres poeyi"
"obis",-81.5809,24.5226833,3.4,"Halichoeres poeyi"
"obis",-81.40984,24.54737,3.2,"Halichoeres poeyi"
"obis",-81.23035,24.5972,7.5,"Halichoeres poeyi"
"obis",-80.5333833,24.9163,4.4,"Halichoeres poeyi"
"obis",-81.9163,24.4564,7.3,"Halichoeres poeyi"
"obis",-80.221217,25.224133,5.8,"Halichoeres poeyi"
"obis",-80.12605,25.45819,10.1,"Halichoeres poeyi"
"obis",-81.8618333,24.45725,6.6,"Halichoeres poeyi"
"obis",-80.7565,24.7655,5.9,"Halichoeres poeyi"
"obis",-83.05272,24.61837,13.4,"Halichoeres poeyi"
"obis",-80.9007333,24.7035167,6.7,"Halichoeres poeyi"
"obis",-82.9685167,24.6139333,14.2,"Halichoeres poeyi"
"obis",-80.26619,25.14217,5.2,"Halichoeres poeyi"
"obis",-81.0741,24.66645,3.5,"Halichoeres poeyi"
"obis",-80.9707333,24.6833833,5,"Halichoeres poeyi"
"obis",-80.25762,25.14357,5.6,"Halichoeres poeyi"
"obis",-81.8119,24.4682833,5.6,"Halichoeres poeyi"
"obis",-80.29535,25.13005,5.2,"Halichoeres poeyi"
"obis",-82.90158,24.62318,6.9,"Halichoeres poeyi"
"obis",-80.9567833,24.6986833,6.4,"Halichoeres poeyi"
"obis",-81.7141667,24.4937,7.2,"Halichoeres poeyi"
"obis",-80.2295999,25.1998833,4,"Halichoeres poeyi"
"obis",-80.14907,25.37667,5.8,"Halichoeres poeyi"
"obis",-81.9975333,24.4566,7.3,"Halichoeres poeyi"
"obis",-80.43957,24.9883,5.7,"Halichoeres poeyi"
"obis",-81.7450999,24.4756334,8.1,"Halichoeres poeyi"
"obis",-81.2241167,24.5966,8.1,"Halichoeres poeyi"
"obis",-81.52387,24.52361,6.7,"Halichoeres poeyi"
"obis",-80.2723,25.13285,11,"Halichoeres poeyi"
"obis",-65.03442,18.35738,8,"Halichoeres poeyi"
"obis",-80.2129833,25.2340333,7.8,"Halichoeres poeyi"
"obis",-81.71415,24.4836167,2.7,"Halichoeres poeyi"
"obis",-81.8461833,24.4579167,9.6,"Halichoeres poeyi"
"obis",-80.9659,24.686,3.4,"Halichoeres poeyi"
"obis",-80.27558,25.17639,2.4,"Halichoeres poeyi"
"obis",-80.6227,24.8480167,3.4,"Halichoeres poeyi"
"obis",-80.0996332,25.51505,15.1,"Halichoeres poeyi"
"obis",-81.1886667,24.6186167,7.9,"Halichoeres poeyi"
"obis",-82.9544,24.618917,7.1,"Halichoeres poeyi"
"obis",-80.9087,24.70025,7.9,"Halichoeres poeyi"
"obis",-80.9644,24.6852,5.3,"Halichoeres poeyi"
"obis",-80.1269,25.4236,NA,"Halichoeres poeyi"
"obis",-81.4423,24.5786667,7,"Halichoeres poeyi"
"obis",-80.52962,24.91115,4,"Halichoeres poeyi"
"obis",-81.0717999,24.6426167,5.5,"Halichoeres poeyi"
"obis",-80.7802667,24.75305,7.6,"Halichoeres poeyi"
"obis",-83.08224,24.6496,16.9,"Halichoeres poeyi"
"obis",-80.26914,25.15505,5.8,"Halichoeres poeyi"
"obis",-81.76501,24.47448,4.6,"Halichoeres poeyi"
"obis",-81.9753999,24.4507333,7.8,"Halichoeres poeyi"
"obis",-80.9348,24.6968167,4.3,"Halichoeres poeyi"
"obis",-80.9446666,24.6958,4.7,"Halichoeres poeyi"
"obis",-80.33343,25.06071,5.4,"Halichoeres poeyi"
"obis",-80.1265667,25.4842667,7.3,"Halichoeres poeyi"
"obis",-82.82614,24.62694,6.7,"Halichoeres poeyi"
"obis",-80.56579,24.89941,5.3,"Halichoeres poeyi"
"obis",-80.31185,25.08664,8.8,"Halichoeres poeyi"
"obis",-81.7026333,24.4854667,6.1,"Halichoeres poeyi"
"obis",-81.56285,24.5559333,5.5,"Halichoeres poeyi"
"obis",-80.6272499,24.8449334,7.5,"Halichoeres poeyi"
"obis",-80.37277,25.01447,4,"Halichoeres poeyi"
"obis",-80.33379,25.06092,4.6,"Halichoeres poeyi"
"obis",-82.0023833,24.457,7.3,"Halichoeres poeyi"
"obis",-80.12988,25.41107,5.1,"Halichoeres poeyi"
"obis",-80.53879,24.91244,6.4,"Halichoeres poeyi"
"obis",-80.3707667,25.0148333,7.5,"Halichoeres poeyi"
"obis",-82.89665,24.6194,7.6,"Halichoeres poeyi"
"obis",-80.3669333,25.0191333,5.2,"Halichoeres poeyi"
"obis",-81.8339999,24.4724333,6.6,"Halichoeres poeyi"
"obis",-81.62765,24.50284,3.7,"Halichoeres poeyi"
"obis",-81.69893,24.51618,8.7,"Halichoeres poeyi"
"obis",-81.0205,24.6542333,4.4,"Halichoeres poeyi"
"obis",-80.53461,24.91039,4.9,"Halichoeres poeyi"
"obis",-81.7182833,24.4826167,2.4,"Halichoeres poeyi"
"obis",-80.2942167,25.1245333,9,"Halichoeres poeyi"
"obis",-80.4564833,24.9422167,3.2,"Halichoeres poeyi"
"obis",-64.93438,18.37425,7,"Halichoeres poeyi"
"obis",-81.0980667,24.6271,13.9,"Halichoeres poeyi"
"obis",-80.4528333,24.9870501,4.3,"Halichoeres poeyi"
"obis",-81.8337499,24.4798667,7.2,"Halichoeres poeyi"
"obis",-81.40601,24.55066,2,"Halichoeres poeyi"
"obis",-81.7029833,24.4846167,5.8,"Halichoeres poeyi"
"obis",-80.58759,24.86732,8.7,"Halichoeres poeyi"
"obis",-81.8181999,24.4706,7.8,"Halichoeres poeyi"
"obis",-81.71792,24.48275,2.1,"Halichoeres poeyi"
"obis",-80.44339,24.99266,4,"Halichoeres poeyi"
"obis",-80.6849167,24.8182667,5.2,"Halichoeres poeyi"
"obis",-80.22963,25.22904,2.7,"Halichoeres poeyi"
"obis",-83.0547667,24.6369333,13.7,"Halichoeres poeyi"
"obis",-80.9706833,24.6833,5,"Halichoeres poeyi"
"obis",-80.2398333,25.21575,3.1,"Halichoeres poeyi"
"obis",-80.2938999,25.1074167,9.2,"Halichoeres poeyi"
"obis",-80.3530833,25.0384333,3.4,"Halichoeres poeyi"
"obis",-80.62265,24.84935,2.7,"Halichoeres poeyi"
"obis",-81.7233167,24.4832667,6.1,"Halichoeres poeyi"
"obis",-80.12325,25.7495,4.9,"Halichoeres poeyi"
"obis",-80.31018,25.11233,3.1,"Halichoeres poeyi"
"obis",-80.37186,25.02227,4.1,"Halichoeres poeyi"
"obis",-83.04856,24.65472,16,"Halichoeres poeyi"
"obis",-80.32405,25.07768,6.4,"Halichoeres poeyi"
"obis",-80.53033,24.91075,5.5,"Halichoeres poeyi"
"obis",-81.0377333,24.6561667,6.6,"Halichoeres poeyi"
"obis",-81.83295,24.4760667,5.6,"Halichoeres poeyi"
"obis",-81.8576833,24.45425,5.8,"Halichoeres poeyi"
"obis",-81.84518,24.46192,1.5,"Halichoeres poeyi"
"obis",-82.9103333,24.5908167,11.3,"Halichoeres poeyi"
"obis",-81.6509667,24.4994333,5.8,"Halichoeres poeyi"
"obis",-82.80971,24.66958,3.7,"Halichoeres poeyi"
"obis",-81.37936,24.55724,5.2,"Halichoeres poeyi"
"obis",-82.83155,24.6425333,8.1,"Halichoeres poeyi"
"obis",-81.8344166,24.4760833,5.8,"Halichoeres poeyi"
"obis",-80.1427666,25.4928334,4.7,"Halichoeres poeyi"
"obis",-81.50896,24.5589,5.8,"Halichoeres poeyi"
"obis",-80.43172,24.99245,5,"Halichoeres poeyi"
"obis",-81.6951666,24.4849,7,"Halichoeres poeyi"
"obis",-80.37247,25.02295,2.7,"Halichoeres poeyi"
"obis",-81.3936,24.564383,8.2,"Halichoeres poeyi"
"obis",-81.38137,24.55674,5.8,"Halichoeres poeyi"
"obis",-80.31441,25.0923,8.1,"Halichoeres poeyi"
"obis",-81.66127,24.49498,1.4,"Halichoeres poeyi"
"obis",-80.9346333,24.6973667,5.2,"Halichoeres poeyi"
"obis",-81.7716999,24.4820834,6.4,"Halichoeres poeyi"
"obis",-82.83385,24.63073,9.5,"Halichoeres poeyi"
"obis",-81.0205,24.6542333,5.3,"Halichoeres poeyi"
"obis",-80.4992666,24.9397001,6.4,"Halichoeres poeyi"
"obis",-81.8456667,24.4574833,11.3,"Halichoeres poeyi"
"obis",-81.8294833,24.4750667,5.3,"Halichoeres poeyi"
"obis",-80.37249,25.01472,5.4,"Halichoeres poeyi"
"obis",-80.7799667,24.7532,7.3,"Halichoeres poeyi"
"obis",-80.1589666,25.3646333,7.3,"Halichoeres poeyi"
"obis",-80.32085,25.0980833,4.7,"Halichoeres poeyi"
"obis",-80.2409667,25.1674,14.6,"Halichoeres poeyi"
"obis",-80.7563166,24.7624167,10.1,"Halichoeres poeyi"
"obis",-80.11895,25.67501,7.6,"Halichoeres poeyi"
"obis",-80.2504832,25.1878,5.5,"Halichoeres poeyi"
"obis",-80.75545,24.7653667,4.7,"Halichoeres poeyi"
"obis",-81.2565667,24.5912833,8.1,"Halichoeres poeyi"
"obis",-81.4423,24.5786667,7.3,"Halichoeres poeyi"
"obis",-81.7256166,24.47965,8.7,"Halichoeres poeyi"
"obis",-80.29414,25.12408,9.6,"Halichoeres poeyi"
"obis",-80.5798,24.88081,7.6,"Halichoeres poeyi"
"obis",-82.95716,24.60119,12.5,"Halichoeres poeyi"
"obis",-81.86329,24.45707,7.8,"Halichoeres poeyi"
"obis",-79.8321861111111,15.8342114,3.3,"Halichoeres poeyi"
"obis",-81.5654,24.51075,7,"Halichoeres poeyi"
"obis",-80.11495,25.55555,5.9,"Halichoeres poeyi"
"obis",-80.0918,25.74925,13.9,"Halichoeres poeyi"
"obis",-80.20908,25.27622,4,"Halichoeres poeyi"
"obis",-80.74985,24.76784,7.5,"Halichoeres poeyi"
"obis",-80.93435,24.6969833,3.8,"Halichoeres poeyi"
"obis",-80.1151999,25.4782167,4.6,"Halichoeres poeyi"
"obis",-80.2668333,25.1420667,6.4,"Halichoeres poeyi"
"obis",-80.6229667,24.8492333,2.7,"Halichoeres poeyi"
"obis",-81.4437,24.5524167,6.3,"Halichoeres poeyi"
"obis",-80.263,25.1494833,13.6,"Halichoeres poeyi"
"obis",-81.8882167,24.4800667,4.4,"Halichoeres poeyi"
"obis",-80.62275,24.84915,2.7,"Halichoeres poeyi"
"obis",-80.4525166,24.9872,3.7,"Halichoeres poeyi"
"obis",-80.31921,25.09287,6.1,"Halichoeres poeyi"
"obis",-80.2481667,25.185,3.8,"Halichoeres poeyi"
"obis",-81.63075,24.503383,2,"Halichoeres poeyi"
"obis",-83.08852,24.63803,16.2,"Halichoeres poeyi"
"obis",-80.1552765,25.3541755,7.8,"Halichoeres poeyi"
"obis",-64.60917,17.785,15,"Halichoeres poeyi"
"obis",-80.2557833,25.1925,3.5,"Halichoeres poeyi"
"obis",-80.9692833,24.68115,6.9,"Halichoeres poeyi"
"obis",-81.47545,24.5370667,8.7,"Halichoeres poeyi"
"obis",-80.1367,25.49108,6.2,"Halichoeres poeyi"
"obis",-82.81061,24.63467,6.6,"Halichoeres poeyi"
"obis",-80.5925499,24.8799167,4.9,"Halichoeres poeyi"
"obis",-82.87792,24.59478,6.9,"Halichoeres poeyi"
"obis",-80.5571833,24.8932833,10.7,"Halichoeres poeyi"
"obis",-80.6681667,24.8231,8.4,"Halichoeres poeyi"
"obis",-81.50892,24.55885,6.6,"Halichoeres poeyi"
"obis",-80.29872,25.12507,6.9,"Halichoeres poeyi"
"obis",-80.9141333,24.6953833,10.1,"Halichoeres poeyi"
"obis",-81.8881333,24.48045,4.1,"Halichoeres poeyi"
"obis",-81.4781166,24.55945,8.1,"Halichoeres poeyi"
"obis",-81.7027833,24.4858833,6.3,"Halichoeres poeyi"
"obis",-80.35984,25.0602,3.2,"Halichoeres poeyi"
"obis",-82.895083,24.590067,6.9,"Halichoeres poeyi"
"obis",-81.6556167,24.4935833,7.2,"Halichoeres poeyi"
"obis",-80.3999333,25.02155,4.1,"Halichoeres poeyi"
"obis",-81.6820167,24.4902167,9.1,"Halichoeres poeyi"
"obis",-81.5681666,24.5105334,5.2,"Halichoeres poeyi"
"obis",-81.5757,24.5250167,4.7,"Halichoeres poeyi"
"obis",-82.80365,24.63545,6.7,"Halichoeres poeyi"
"obis",-82.8886333,24.67335,5.3,"Halichoeres poeyi"
"obis",-81.0173,24.6541,7.5,"Halichoeres poeyi"
"obis",-80.5548333,24.8929333,11.3,"Halichoeres poeyi"
"obis",-81.5237333,24.52975,3.8,"Halichoeres poeyi"
"obis",-81.6092333,24.5074333,7,"Halichoeres poeyi"
"obis",-81.5597666,24.51335,8.5,"Halichoeres poeyi"
"obis",-80.1329,25.4639,5.7,"Halichoeres poeyi"
"obis",-80.2776332,25.12685,11.6,"Halichoeres poeyi"
"obis",-81.4135,24.55905,6.1,"Halichoeres poeyi"
"obis",-80.9575,24.6981667,5.3,"Halichoeres poeyi"
"obis",-81.5130833,24.5233833,7.5,"Halichoeres poeyi"
"obis",-80.3759333,25.02765,8.1,"Halichoeres poeyi"
"obis",-80.9524333,24.69225,5.3,"Halichoeres poeyi"
"obis",-83.1017667,24.6342833,23.3,"Halichoeres poeyi"
"obis",-80.3042167,25.1132333,5.5,"Halichoeres poeyi"
"obis",-80.5997,24.86202,4.9,"Halichoeres poeyi"
"obis",-81.3902,24.5668333,7,"Halichoeres poeyi"
"obis",-81.43809,24.57931,8.4,"Halichoeres poeyi"
"obis",-80.4662166,24.9495501,6.1,"Halichoeres poeyi"
"obis",-83.0620833,24.6156,14.6,"Halichoeres poeyi"
"obis",-81.39559,24.56537,8.2,"Halichoeres poeyi"
"obis",-81.98692,24.46417,7,"Halichoeres poeyi"
"obis",-80.350017,25.03875,3.1,"Halichoeres poeyi"
"obis",-80.43197,24.99224,5.3,"Halichoeres poeyi"
"obis",-81.1677999,24.6109167,9.3,"Halichoeres poeyi"
"obis",-81.65827,24.49521,6.3,"Halichoeres poeyi"
"obis",-80.37708,25.01234,3.1,"Halichoeres poeyi"
"obis",-80.2618332,25.1489167,5.8,"Halichoeres poeyi"
"obis",-80.7559166,24.7642167,7.8,"Halichoeres poeyi"
"obis",-82.8967833,24.6822667,4.9,"Halichoeres poeyi"
"obis",-82.8611333,24.6680333,10.2,"Halichoeres poeyi"
"obis",-83.0646,24.6059833,14.8,"Halichoeres poeyi"
"obis",-80.22969,25.22941,2.7,"Halichoeres poeyi"
"obis",-81.6965333,24.48705,8.1,"Halichoeres poeyi"
"obis",-81.58122,24.52352,3.4,"Halichoeres poeyi"
"obis",-80.59211,24.88006,5.9,"Halichoeres poeyi"
"obis",-80.6249999,24.8442001,7.6,"Halichoeres poeyi"
"obis",-80.2911499,25.15735,3.1,"Halichoeres poeyi"
"obis",-80.233267,25.23405,2.3,"Halichoeres poeyi"
"obis",-80.13494,25.52884,6.3,"Halichoeres poeyi"
"obis",-80.38607,25.03574,3.8,"Halichoeres poeyi"
"obis",-80.13089,25.40721,4.9,"Halichoeres poeyi"
"obis",-82.91853,24.57858,11,"Halichoeres poeyi"
"obis",-82.77555,24.68923,4.9,"Halichoeres poeyi"
"obis",-80.1002832,25.6090167,6.6,"Halichoeres poeyi"
"obis",-82.79286,24.71294,13,"Halichoeres poeyi"
"obis",-80.755217,24.76645,5.8,"Halichoeres poeyi"
"obis",-80.5595333,24.8890834,14.3,"Halichoeres poeyi"
"obis",-80.503467,24.94635,4.9,"Halichoeres poeyi"
"obis",-80.9678,24.68505,4.9,"Halichoeres poeyi"
"obis",-81.7587833,24.4738,9.9,"Halichoeres poeyi"
"obis",-82.97585,24.5881667,14,"Halichoeres poeyi"
"obis",-80.2852167,25.1218667,7.8,"Halichoeres poeyi"
"obis",-80.38604,25.03553,4.1,"Halichoeres poeyi"
"obis",-80.9003833,24.7037167,6.6,"Halichoeres poeyi"
"obis",-81.87435,24.4599667,6.3,"Halichoeres poeyi"
"obis",-80.33675,25.0682833,4.1,"Halichoeres poeyi"
"obis",-81.07075,24.66586,4.9,"Halichoeres poeyi"
"obis",-81.5530167,24.51135,5,"Halichoeres poeyi"
"obis",-82.8957,24.62895,5.3,"Halichoeres poeyi"
"obis",-81.13655,24.6209833,8.7,"Halichoeres poeyi"
"obis",-80.6537666,24.8296334,9.1,"Halichoeres poeyi"
"obis",-80.3790832,25.0120667,2.9,"Halichoeres poeyi"
"obis",-81.6540499,24.4909834,21.3,"Halichoeres poeyi"
"obis",-80.128078,25.425555,2,"Halichoeres poeyi"
"obis",-80.2384499,25.1959,3.3,"Halichoeres poeyi"
"obis",-81.8808,24.4549,5,"Halichoeres poeyi"
"obis",-83.0797833,24.6473833,15.7,"Halichoeres poeyi"
"obis",-80.1133706,25.4896607,4.6,"Halichoeres poeyi"
"obis",-80.8921167,24.70915,6.1,"Halichoeres poeyi"
"obis",-80.97378,24.68342,5.5,"Halichoeres poeyi"
"obis",-80.3365,25.06283,6.1,"Halichoeres poeyi"
"obis",-80.36127,25.05737,3.2,"Halichoeres poeyi"
"obis",-81.52442,24.52378,7,"Halichoeres poeyi"
"obis",-80.2253,25.205417,4.3,"Halichoeres poeyi"
"obis",-81.6609,24.4965833,6.1,"Halichoeres poeyi"
"obis",-81.54945,24.5154833,9.5,"Halichoeres poeyi"
"obis",-80.1988999,25.2947333,9.8,"Halichoeres poeyi"
"obis",-80.63235,24.8421667,7.3,"Halichoeres poeyi"
"obis",-80.9732333,24.6831667,5.2,"Halichoeres poeyi"
"obis",-80.18739,25.33004,2.6,"Halichoeres poeyi"
"obis",-81.15575,24.6175333,8.5,"Halichoeres poeyi"
"obis",-80.158,25.3507167,9,"Halichoeres poeyi"
"obis",-82.81125,24.7120167,5.3,"Halichoeres poeyi"
"obis",-80.9523333,24.6920667,5.9,"Halichoeres poeyi"
"obis",-81.07995,24.6364,5.8,"Halichoeres poeyi"
"obis",-81.6569332,24.4942334,4.3,"Halichoeres poeyi"
"obis",-80.1450167,25.3686667,5,"Halichoeres poeyi"
"obis",-82.8708667,24.5971833,7.3,"Halichoeres poeyi"
"obis",-80.4312166,24.9924834,4.3,"Halichoeres poeyi"
"obis",-80.1400103,25.3729219,4.4,"Halichoeres poeyi"
"obis",-82.8605,24.63565,6.3,"Halichoeres poeyi"
"obis",-80.3347499,25.0564667,7,"Halichoeres poeyi"
"obis",-80.2650333,25.1417833,4.6,"Halichoeres poeyi"
"obis",-83.0383,24.65288,17.1,"Halichoeres poeyi"
"obis",-80.50325,24.9264667,1.8,"Halichoeres poeyi"
"obis",-80.3068667,25.1055667,5.3,"Halichoeres poeyi"
"obis",-80.7521,24.76685,7.2,"Halichoeres poeyi"
"obis",-80.2141667,25.2505667,5.9,"Halichoeres poeyi"
"obis",-81.69735,24.55275,2.6,"Halichoeres poeyi"
"obis",-80.09226,25.64875,11.8,"Halichoeres poeyi"
"obis",-81.56215,24.512,9.3,"Halichoeres poeyi"
"obis",-80.2188833,25.2253,6.9,"Halichoeres poeyi"
"obis",-80.2165167,25.2369667,5,"Halichoeres poeyi"
"obis",-81.7528833,24.4849333,8.2,"Halichoeres poeyi"
"obis",-80.53027,24.91095,5.2,"Halichoeres poeyi"
"obis",-80.20375,25.24215,7.2,"Halichoeres poeyi"
"obis",-80.47948,24.94394,3.7,"Halichoeres poeyi"
"obis",-81.5109833,24.5229833,9.8,"Halichoeres poeyi"
"obis",-81.0706,24.66595,4.4,"Halichoeres poeyi"
"obis",-82.899967,24.638883,6.9,"Halichoeres poeyi"
"obis",-80.19015,25.26696,10.4,"Halichoeres poeyi"
"obis",-80.0999832,25.60365,7,"Halichoeres poeyi"
"obis",-80.4610332,24.9958501,4.9,"Halichoeres poeyi"
"obis",-81.5215666,24.5224833,5.6,"Halichoeres poeyi"
"obis",-80.16349,25.39788,3,"Halichoeres poeyi"
"obis",-80.3351499,25.0567667,6.6,"Halichoeres poeyi"
"obis",-80.5380833,24.9212,4.7,"Halichoeres poeyi"
"obis",-81.72235,24.48305,6.4,"Halichoeres poeyi"
"obis",-80.5770833,24.8761167,7.3,"Halichoeres poeyi"
"obis",-81.883767,24.458317,6.1,"Halichoeres poeyi"
"obis",-80.9477,24.6941167,4.1,"Halichoeres poeyi"
"obis",-81.4446667,24.55075,7.2,"Halichoeres poeyi"
"obis",-81.4475,24.54835,6.6,"Halichoeres poeyi"
"obis",-82.83992,24.63057,9.5,"Halichoeres poeyi"
"obis",-80.2386333,25.2154167,3,"Halichoeres poeyi"
"obis",-81.4084167,24.5533333,3.4,"Halichoeres poeyi"
"obis",-80.62201,24.85002,2.9,"Halichoeres poeyi"
"obis",-81.015,24.65883,5.9,"Halichoeres poeyi"
"obis",-80.1603833,25.3729833,2.6,"Halichoeres poeyi"
"obis",-81.7063999,24.4963,6.4,"Halichoeres poeyi"
"obis",-80.41721,24.99064,3.2,"Halichoeres poeyi"
"obis",-80.62243,24.84967,3,"Halichoeres poeyi"
"obis",-80.5765167,24.89165,4.9,"Halichoeres poeyi"
"obis",-80.2128333,25.2067,13.9,"Halichoeres poeyi"
"obis",-82.779867,24.691533,6.9,"Halichoeres poeyi"
"obis",-82.828317,24.629883,6.5,"Halichoeres poeyi"
"obis",-81.0131,24.6595833,6.4,"Halichoeres poeyi"
"obis",-82.87302,24.59555,6.1,"Halichoeres poeyi"
"obis",-81.0188833,24.6602667,5.8,"Halichoeres poeyi"
"obis",-80.2625332,25.1865167,2.9,"Halichoeres poeyi"
"obis",-80.39365,25.0250333,4.7,"Halichoeres poeyi"
"obis",-80.75535,24.7662333,6.6,"Halichoeres poeyi"
"obis",-81.14227,24.65102,7.6,"Halichoeres poeyi"
"obis",-80.3771667,25.0378333,3.7,"Halichoeres poeyi"
"obis",-80.94575,24.6777,10.7,"Halichoeres poeyi"
"obis",-80.2746167,25.1775,3.2,"Halichoeres poeyi"
"obis",-80.57705,24.8906833,4,"Halichoeres poeyi"
"obis",-81.57629,24.52474,4.7,"Halichoeres poeyi"
"obis",-80.1177166,25.49985,9.5,"Halichoeres poeyi"
"obis",-81.8058167,24.4666333,21.8,"Halichoeres poeyi"
"obis",-80.2307499,25.2053667,5.5,"Halichoeres poeyi"
"obis",-80.19444,25.26533,9.9,"Halichoeres poeyi"
"obis",-80.2216,25.224483,4.6,"Halichoeres poeyi"
"obis",-81.2426999,24.6035833,9.3,"Halichoeres poeyi"
"obis",-82.951767,24.620933,5.9,"Halichoeres poeyi"
"obis",-80.22532,25.2055,3.7,"Halichoeres poeyi"
"obis",-81.6205,24.5398333,4.7,"Halichoeres poeyi"
"obis",-80.4344333,24.9897667,6.9,"Halichoeres poeyi"
"obis",-82.90555,24.63633,4.3,"Halichoeres poeyi"
"obis",-81.0530666,24.6480167,7.5,"Halichoeres poeyi"
"obis",-67.945,10.486,6.5,"Halichoeres poeyi"
"obis",-81.5530167,24.5114333,4.7,"Halichoeres poeyi"
"obis",-81.70963,24.48652,3.7,"Halichoeres poeyi"
"obis",-81.7188333,24.47905,9.5,"Halichoeres poeyi"
"obis",-81.63465,24.50125,6.6,"Halichoeres poeyi"
"obis",-81.81458,24.46979,9.1,"Halichoeres poeyi"
"obis",-83.04575,24.66855,19.2,"Halichoeres poeyi"
"obis",-80.2779166,25.1266167,11.1,"Halichoeres poeyi"
"obis",-81.9568333,24.4774167,7.6,"Halichoeres poeyi"
"obis",-80.34115,25.07165,4.9,"Halichoeres poeyi"
"obis",-81.98939,24.46544,7.3,"Halichoeres poeyi"
"obis",-80.9732333,24.6831667,4.7,"Halichoeres poeyi"
"obis",-80.2597167,25.1497833,6.1,"Halichoeres poeyi"
"obis",-81.3796,24.5572,5.7,"Halichoeres poeyi"
"obis",-83.0762667,24.61665,14.8,"Halichoeres poeyi"
"obis",-81.5498,24.51835,6.7,"Halichoeres poeyi"
"obis",-82.80014,24.63752,6.7,"Halichoeres poeyi"
"obis",-82.83606,24.6387,7.9,"Halichoeres poeyi"
"obis",-80.33275,25.05925,6.1,"Halichoeres poeyi"
"obis",-80.9086,24.7001167,8.2,"Halichoeres poeyi"
"obis",-81.1609167,24.6127667,9.3,"Halichoeres poeyi"
"obis",-80.7494,24.76725,8.4,"Halichoeres poeyi"
"obis",-80.1204332,25.4663334,10.2,"Halichoeres poeyi"
"obis",-80.3947833,25.0237667,4.4,"Halichoeres poeyi"
"obis",-80.8849667,24.709,7.2,"Halichoeres poeyi"
"obis",-80.1206667,25.4595667,7.3,"Halichoeres poeyi"
"obis",-80.143459,25.371292,3.7,"Halichoeres poeyi"
"obis",-82.94108,24.65177,11.9,"Halichoeres poeyi"
"obis",-80.2288667,25.2284833,3.8,"Halichoeres poeyi"
"obis",-80.52329,24.91053,6.4,"Halichoeres poeyi"
"obis",-80.22032,25.223,6.4,"Halichoeres poeyi"
"obis",-82.8106,24.6345,6.7,"Halichoeres poeyi"
"obis",-82.77835,24.7006667,8.8,"Halichoeres poeyi"
"obis",-80.2829667,25.1225,11,"Halichoeres poeyi"
"obis",-80.261567,25.145433,5.3,"Halichoeres poeyi"
"obis",-82.9191167,24.5880667,9.9,"Halichoeres poeyi"
"obis",-80.20365,25.2422333,6.7,"Halichoeres poeyi"
"obis",-80.6229666,24.8484334,2.9,"Halichoeres poeyi"
"obis",-81.7306167,24.4791667,7,"Halichoeres poeyi"
"obis",-82.9031,24.584,10.1,"Halichoeres poeyi"
"obis",-81.43308,24.5534,6.9,"Halichoeres poeyi"
"obis",-80.35088,25.05215,4,"Halichoeres poeyi"
"obis",-81.4758333,24.5367667,10.1,"Halichoeres poeyi"
"obis",-80.5886999,24.8741667,7,"Halichoeres poeyi"
"obis",-80.1422332,25.4526333,8.2,"Halichoeres poeyi"
"obis",-81.4733333,24.53505,7.6,"Halichoeres poeyi"
"obis",-80.39431,25.04076,2.4,"Halichoeres poeyi"
"obis",-81.7006333,24.4828667,5.5,"Halichoeres poeyi"
"obis",-81.57445,24.524267,5.5,"Halichoeres poeyi"
"obis",-80.3433166,25.0483667,3,"Halichoeres poeyi"
"obis",-80.18777,25.33008,3,"Halichoeres poeyi"
"obis",-81.88315,24.4579833,5.6,"Halichoeres poeyi"
"obis",-80.75685,24.7628,10.4,"Halichoeres poeyi"
"obis",-81.4990333,24.5615,6.1,"Halichoeres poeyi"
"obis",-80.4884499,24.9383167,7.3,"Halichoeres poeyi"
"obis",-80.2609167,25.1459333,2.9,"Halichoeres poeyi"
"obis",-80.3328333,25.0596333,5.8,"Halichoeres poeyi"
"obis",-82.951967,24.621017,5.9,"Halichoeres poeyi"
"obis",-80.1323832,25.4093167,5,"Halichoeres poeyi"
"obis",-81.6512,24.4999333,6.4,"Halichoeres poeyi"
"obis",-82.90202,24.59658,4.6,"Halichoeres poeyi"
"obis",-82.7851667,24.6598333,9.3,"Halichoeres poeyi"
"obis",-80.68415,24.8183333,5.3,"Halichoeres poeyi"
"obis",-81.1131,24.63103,4.6,"Halichoeres poeyi"
"obis",-80.16675,25.36238,3.7,"Halichoeres poeyi"
"obis",-81.40625,24.5509,2.4,"Halichoeres poeyi"
"obis",-82.89062,24.58787,8.8,"Halichoeres poeyi"
"obis",-80.4957499,24.9387167,6.4,"Halichoeres poeyi"
"obis",-80.2261833,25.1995167,4.6,"Halichoeres poeyi"
"obis",-80.4342499,24.9833167,7.2,"Halichoeres poeyi"
"obis",-80.50365,24.92595,3.4,"Halichoeres poeyi"
"obis",-80.33594,25.06924,4.5,"Halichoeres poeyi"
"obis",-80.30159,25.10075,8.8,"Halichoeres poeyi"
"obis",-80.96547,24.68542,3.5,"Halichoeres poeyi"
"obis",-81.4450667,24.551,6.4,"Halichoeres poeyi"
"obis",-81.1683499,24.6107834,10.4,"Halichoeres poeyi"
"obis",-80.9627,24.6863,3.9,"Halichoeres poeyi"
"obis",-80.41005,24.99135,9.1,"Halichoeres poeyi"
"obis",-80.2296499,25.20595,6.4,"Halichoeres poeyi"
"obis",-80.37681,25.00889,6.4,"Halichoeres poeyi"
"obis",-80.5354,24.918167,4.3,"Halichoeres poeyi"
"obis",-81.6253833,24.504,5.3,"Halichoeres poeyi"
"obis",-81.0112333,24.66345,4.6,"Halichoeres poeyi"
"obis",-81.52082,24.52771,3.8,"Halichoeres poeyi"
"obis",-80.94205,24.69622,3.8,"Halichoeres poeyi"
"obis",-81.4435,24.5489667,7.5,"Halichoeres poeyi"
"obis",-81.9430999,24.4539,9.8,"Halichoeres poeyi"
"obis",-81.84195,24.48213,5.6,"Halichoeres poeyi"
"obis",-81.05258,24.69633,1.7,"Halichoeres poeyi"
"obis",-80.2105333,25.2304333,6.1,"Halichoeres poeyi"
"obis",-80.18881,25.36142,2.8,"Halichoeres poeyi"
"obis",-80.14657,25.44877,4,"Halichoeres poeyi"
"obis",-80.1512,25.37071,7.3,"Halichoeres poeyi"
"obis",-80.93216,24.69762,4.3,"Halichoeres poeyi"
"obis",-81.39189,24.61489,3,"Halichoeres poeyi"
"obis",-80.486217,24.945717,4.9,"Halichoeres poeyi"
"obis",-80.9567833,24.69785,5.3,"Halichoeres poeyi"
"obis",-80.2285833,25.1979833,4.3,"Halichoeres poeyi"
"obis",-80.7506499,24.7664834,8.2,"Halichoeres poeyi"
"obis",-83.04868,24.65465,16.7,"Halichoeres poeyi"
"obis",-80.1679981,25.3850675,2.3,"Halichoeres poeyi"
"obis",-82.96884,24.59606,14.8,"Halichoeres poeyi"
"obis",-80.21498,25.22208,6,"Halichoeres poeyi"
"obis",-80.3262499,25.0715,5.8,"Halichoeres poeyi"
"obis",-80.2584499,25.1488833,7.5,"Halichoeres poeyi"
"obis",-80.12665,25.48455,7.3,"Halichoeres poeyi"
"obis",-81.1120499,24.6285167,2.4,"Halichoeres poeyi"
"obis",-80.3608,25.05053,4.1,"Halichoeres poeyi"
"obis",-80.6868,24.8091,7.3,"Halichoeres poeyi"
"obis",-80.9615833,24.6867167,5.3,"Halichoeres poeyi"
"obis",-82.7890833,24.6959667,4.7,"Halichoeres poeyi"
"obis",-81.9348,24.4473833,8.4,"Halichoeres poeyi"
"obis",-79.8398591666666,15.8334283,9.6,"Halichoeres poeyi"
"obis",-82.7914667,24.7130667,12.3,"Halichoeres poeyi"
"obis",-80.2965167,25.1236333,4.1,"Halichoeres poeyi"
"obis",-82.8009167,24.6310833,11.3,"Halichoeres poeyi"
"obis",-80.3640667,25.0326833,8.7,"Halichoeres poeyi"
"obis",-80.33607,25.06271,6,"Halichoeres poeyi"
"obis",-80.26912,25.15478,5.2,"Halichoeres poeyi"
"obis",-80.96741,24.6855,3.7,"Halichoeres poeyi"
"obis",-81.7395833,24.4781833,9.1,"Halichoeres poeyi"
"obis",-81.84506,24.46222,1.7,"Halichoeres poeyi"
"obis",-80.4561,24.95228,15.2,"Halichoeres poeyi"
"obis",-80.3042667,25.1009333,8.4,"Halichoeres poeyi"
"obis",-80.09837,25.59115,5.1,"Halichoeres poeyi"
"obis",-80.13344,25.40367,3.7,"Halichoeres poeyi"
"obis",-81.6763,24.4881167,6.4,"Halichoeres poeyi"
"obis",-81.7256666,24.4802167,7.5,"Halichoeres poeyi"
"obis",-80.41755,25.0109333,4.7,"Halichoeres poeyi"
"obis",-83.05878,24.61071,14.8,"Halichoeres poeyi"
"obis",-81.2980832,24.5694834,17.2,"Halichoeres poeyi"
"obis",-81.4950999,24.541,9,"Halichoeres poeyi"
"obis",-80.85151,24.7114,15.7,"Halichoeres poeyi"
"obis",-80.3766167,25.0108667,2.1,"Halichoeres poeyi"
"obis",-81.581,24.52371,3.7,"Halichoeres poeyi"
"obis",-83.0365,24.6375167,17.1,"Halichoeres poeyi"
"obis",-80.5405833,24.9053167,7.3,"Halichoeres poeyi"
"obis",-80.21297,25.22546,4.3,"Halichoeres poeyi"
"obis",-81.6482667,24.4976833,4,"Halichoeres poeyi"
"obis",-81.405633,24.551283,2.9,"Halichoeres poeyi"
"obis",-80.1275332,25.4693167,3.5,"Halichoeres poeyi"
"obis",-81.5223,24.5235,4.9,"Halichoeres poeyi"
"obis",-80.9644167,24.6851667,5.2,"Halichoeres poeyi"
"obis",-81.5629167,24.5463667,7,"Halichoeres poeyi"
"obis",-80.3923,25.0270333,4.4,"Halichoeres poeyi"
"obis",-81.0212708,24.6575661,7.2,"Halichoeres poeyi"
"obis",-80.1549332,25.35475,7.6,"Halichoeres poeyi"
"obis",-82.925983,24.636617,5.6,"Halichoeres poeyi"
"obis",-80.5542333,24.8929833,11.1,"Halichoeres poeyi"
"obis",-80.5596333,24.8884167,10.4,"Halichoeres poeyi"
"obis",-81.7160666,24.4829834,2.1,"Halichoeres poeyi"
"obis",-80.136635,25.4125981,6.4,"Halichoeres poeyi"
"obis",-80.4162167,24.9907667,3.4,"Halichoeres poeyi"
"obis",-82.798783,24.727683,17.1,"Halichoeres poeyi"
"obis",-80.1455,25.44008,2.7,"Halichoeres poeyi"
"obis",-80.3551,25.0289,8.5,"Halichoeres poeyi"
"obis",-80.2987667,25.1257833,7.5,"Halichoeres poeyi"
"obis",-81.5847333,24.5220833,6.4,"Halichoeres poeyi"
"obis",-80.230833,25.227467,3.1,"Halichoeres poeyi"
"obis",-81.56665,24.5159667,8.4,"Halichoeres poeyi"
"obis",-81.9541,24.47585,5.8,"Halichoeres poeyi"
"obis",-80.7544,24.76604,4.5,"Halichoeres poeyi"
"obis",-80.6269499,24.8449334,7.6,"Halichoeres poeyi"
"obis",-80.2073167,25.2360667,9.6,"Halichoeres poeyi"
"obis",-80.50245,24.93665,5,"Halichoeres poeyi"
"obis",-80.388917,25.0314,3.8,"Halichoeres poeyi"
"obis",-80.3317999,25.08255,4.4,"Halichoeres poeyi"
"obis",-81.0374667,24.6968667,4.6,"Halichoeres poeyi"
"obis",-80.299,25.1256167,7.2,"Halichoeres poeyi"
"obis",-80.22861,25.21575,1.8,"Halichoeres poeyi"
"obis",-82.9184,24.57854,10.9,"Halichoeres poeyi"
"obis",-80.4233499,24.9986001,5.2,"Halichoeres poeyi"
"obis",-81.32717,24.57017,6.6,"Halichoeres poeyi"
"obis",-80.13553,25.38763,2.9,"Halichoeres poeyi"
"obis",-80.75421,24.76604,5.2,"Halichoeres poeyi"
"obis",-80.3431166,25.0404833,7.8,"Halichoeres poeyi"
"obis",-80.3798167,25.0423,2.1,"Halichoeres poeyi"
"obis",-82.9177333,24.6537833,5.5,"Halichoeres poeyi"
"obis",-80.48968,24.93909,6.4,"Halichoeres poeyi"
"obis",-81.4855166,24.5423667,8.2,"Halichoeres poeyi"
"obis",-82.92435,24.6379833,6.1,"Halichoeres poeyi"
"obis",-81.7265,24.4903833,9.1,"Halichoeres poeyi"
"obis",-80.4662166,24.9495501,5.2,"Halichoeres poeyi"
"obis",-82.9168167,24.6596333,5.2,"Halichoeres poeyi"
"obis",-83.05288,24.61837,13.3,"Halichoeres poeyi"
"obis",-83.073783,24.650117,16.1,"Halichoeres poeyi"
"obis",-80.75655,24.76326,8.4,"Halichoeres poeyi"
"obis",-80.5653333,24.9030001,7.2,"Halichoeres poeyi"
"obis",-80.29383,25.12412,9.1,"Halichoeres poeyi"
"obis",-80.2583167,25.2208667,2.3,"Halichoeres poeyi"
"obis",-80.33448,25.06093,4.9,"Halichoeres poeyi"
"obis",-83.06324,24.66742,18.2,"Halichoeres poeyi"
"obis",-80.9478666,24.6915834,3.8,"Halichoeres poeyi"
"obis",-80.7596167,24.7605833,9.6,"Halichoeres poeyi"
"obis",-81.51921,24.52613,2.1,"Halichoeres poeyi"
"obis",-83.04198,24.61973,17.6,"Halichoeres poeyi"
"obis",-81.6250667,24.5035667,6.1,"Halichoeres poeyi"
"obis",-80.29891,25.09882,8.8,"Halichoeres poeyi"
"obis",-80.37552,25.01458,3,"Halichoeres poeyi"
"obis",-82.8855,24.5940333,7,"Halichoeres poeyi"
"obis",-81.8621332,24.4559,8.4,"Halichoeres poeyi"
"obis",-81.6485,24.498,4.6,"Halichoeres poeyi"
"obis",-82.91006,24.58713,9,"Halichoeres poeyi"
"obis",-82.9236,24.6798667,17.1,"Halichoeres poeyi"
"obis",-80.3218333,25.0805167,5.9,"Halichoeres poeyi"
"obis",-80.10795,25.5601667,4,"Halichoeres poeyi"
"obis",-80.3645667,25.0324833,8.8,"Halichoeres poeyi"
"obis",-80.1435499,25.4835834,4.7,"Halichoeres poeyi"
"obis",-80.73581,24.77461,7.5,"Halichoeres poeyi"
"obis",-81.5646,24.5119167,5.8,"Halichoeres poeyi"
"obis",-80.1726,25.34773,8.5,"Halichoeres poeyi"
"obis",-80.5298999,24.9077,6.7,"Halichoeres poeyi"
"obis",-59.5333,13.05,NA,"Halichoeres poeyi"
"obis",-82.7822667,24.6560167,13.1,"Halichoeres poeyi"
"obis",-82.8098833,24.6368167,6.3,"Halichoeres poeyi"
"obis",-80.3344666,25.0599833,5.8,"Halichoeres poeyi"
"obis",-80.3315666,25.0561833,7,"Halichoeres poeyi"
"obis",-81.45815,24.5383667,7.6,"Halichoeres poeyi"
"obis",-81.7271,24.4812333,8.5,"Halichoeres poeyi"
"obis",-80.7599667,24.7623667,6.7,"Halichoeres poeyi"
"obis",-80.0988,25.5873333,4.9,"Halichoeres poeyi"
"obis",-80.15141,25.44419,3.1,"Halichoeres poeyi"
"obis",-80.1236332,25.4426,5,"Halichoeres poeyi"
"obis",-80.31439,25.09252,8.2,"Halichoeres poeyi"
"obis",-80.59549,24.86674,6.9,"Halichoeres poeyi"
"obis",-80.24496,25.18013,11.3,"Halichoeres poeyi"
"obis",-80.66471,24.82548,9.1,"Halichoeres poeyi"
"obis",-81.11317,24.63073,4,"Halichoeres poeyi"
"obis",-80.6208,24.8475,5,"Halichoeres poeyi"
"obis",-80.13831,25.51721,5.2,"Halichoeres poeyi"
"obis",-80.133278,25.4092274,5.2,"Halichoeres poeyi"
"obis",-80.1108666,25.5421,5.8,"Halichoeres poeyi"
"obis",-81.7824667,24.472,8.5,"Halichoeres poeyi"
"obis",-80.5547,24.8961333,7,"Halichoeres poeyi"
"obis",-81.6318,24.50925,4.6,"Halichoeres poeyi"
"obis",-83.0760333,24.6165667,15.2,"Halichoeres poeyi"
"obis",-79.8506925,15.8041408,11.6,"Halichoeres poeyi"
"obis",-81.0544167,24.6456667,7.9,"Halichoeres poeyi"
"obis",-82.78105,24.7035833,7.3,"Halichoeres poeyi"
"obis",-80.2317332,25.2012,3.7,"Halichoeres poeyi"
"obis",-81.4749,24.5654,7.3,"Halichoeres poeyi"
"obis",-81.4435,24.5528333,6.6,"Halichoeres poeyi"
"obis",-81.8656167,24.45695,8.1,"Halichoeres poeyi"
"obis",-80.2288166,25.2238833,2.6,"Halichoeres poeyi"
"obis",-80.2945499,25.1430167,5.3,"Halichoeres poeyi"
"obis",-80.3076166,25.10565,4,"Halichoeres poeyi"
"obis",-80.159075,25.42299,3.4,"Halichoeres poeyi"
"obis",-80.12584,25.45838,8.4,"Halichoeres poeyi"
"obis",-81.5980833,24.5079333,7.5,"Halichoeres poeyi"
"obis",-80.75913,24.76361,5.9,"Halichoeres poeyi"
"obis",-81.6668499,24.5007167,7.2,"Halichoeres poeyi"
"obis",-80.31977,25.09316,6.3,"Halichoeres poeyi"
"obis",-83.06928,24.65607,17.7,"Halichoeres poeyi"
"obis",-80.1098333,25.5511833,3.5,"Halichoeres poeyi"
"obis",-82.871217,24.702467,8.1,"Halichoeres poeyi"
"obis",-80.9712833,24.6968833,6.6,"Halichoeres poeyi"
"obis",-80.3262499,25.0715,7.2,"Halichoeres poeyi"
"obis",-82.8653333,24.7114,9.6,"Halichoeres poeyi"
"obis",-80.33334,25.06038,4.9,"Halichoeres poeyi"
"obis",-80.3749833,25.0282167,9.8,"Halichoeres poeyi"
"obis",-80.26737,25.14106,4.8,"Halichoeres poeyi"
"obis",-80.9614333,24.6739833,5.2,"Halichoeres poeyi"
"obis",-81.3918832,24.6161667,3.4,"Halichoeres poeyi"
"obis",-80.2117332,25.2265333,5.3,"Halichoeres poeyi"
"obis",-80.3435833,25.0487333,3,"Halichoeres poeyi"
"obis",-80.2186666,25.2497167,3.5,"Halichoeres poeyi"
"obis",-81.8072833,24.4771167,8.2,"Halichoeres poeyi"
"obis",-81.8737,24.4544333,6.9,"Halichoeres poeyi"
"obis",-81.77285,24.47205,8.5,"Halichoeres poeyi"
"obis",-80.2497,25.1886667,5.2,"Halichoeres poeyi"
"obis",-80.1017,24.6683,5.4,"Halichoeres poeyi"
"obis",-82.78147,24.70048,7.3,"Halichoeres poeyi"
"obis",-81.7445833,24.4755667,8.4,"Halichoeres poeyi"
"obis",-82.8714667,24.7010167,12.8,"Halichoeres poeyi"
"obis",-82.8924333,24.66185,5.8,"Halichoeres poeyi"
"obis",-80.4924,24.9518,3.7,"Halichoeres poeyi"
"obis",-82.989317,24.714867,16.2,"Halichoeres poeyi"
"obis",-81.45803,24.5706,8.7,"Halichoeres poeyi"
"obis",-81.5181499,24.5226167,5.5,"Halichoeres poeyi"
"obis",-80.1316685,25.4125655,5.6,"Halichoeres poeyi"
"obis",-81.8745666,24.4596,6.9,"Halichoeres poeyi"
"obis",-81.6799667,24.4904,5.3,"Halichoeres poeyi"
"obis",-80.3506833,25.0495667,3.7,"Halichoeres poeyi"
"obis",-81.4032499,24.5527,2.6,"Halichoeres poeyi"
"obis",-82.85831,24.62889,9.1,"Halichoeres poeyi"
"obis",-80.19198,25.33808,7.2,"Halichoeres poeyi"
"obis",-81.8336833,24.48825,9.3,"Halichoeres poeyi"
"obis",-81.91889,24.4552,9,"Halichoeres poeyi"
"obis",-81.6955333,24.4851667,6.9,"Halichoeres poeyi"
"obis",-80.6726333,24.8231,8.2,"Halichoeres poeyi"
"obis",-81.7425,24.4793167,9,"Halichoeres poeyi"
"obis",-80.37006,25.01675,9.4,"Halichoeres poeyi"
"obis",-81.83398,24.47542,5,"Halichoeres poeyi"
"obis",-80.3347499,25.0564667,7.3,"Halichoeres poeyi"
"obis",-80.15178,25.3681,9.1,"Halichoeres poeyi"
"obis",-80.1936332,25.2409833,20.4,"Halichoeres poeyi"
"obis",-81.44384,24.58472,7.5,"Halichoeres poeyi"
"obis",-83.0590833,24.6103167,15.4,"Halichoeres poeyi"
"obis",-80.5409166,24.9051001,7.6,"Halichoeres poeyi"
"obis",-80.622467,24.84905,3.1,"Halichoeres poeyi"
"obis",-82.8715167,24.6089667,18.4,"Halichoeres poeyi"
"obis",-81.7226333,24.4810834,6.6,"Halichoeres poeyi"
"obis",-81.0711499,24.6424667,5.9,"Halichoeres poeyi"
"obis",-80.3365167,25.0680167,3.4,"Halichoeres poeyi"
"obis",-80.1321614,25.4049355,4.3,"Halichoeres poeyi"
"obis",-80.2137667,25.2503333,5.6,"Halichoeres poeyi"
"obis",-81.1700999,24.61095,7.8,"Halichoeres poeyi"
"obis",-81.7575,24.4742667,7.9,"Halichoeres poeyi"
"obis",-80.2293832,25.2004833,5.5,"Halichoeres poeyi"
"obis",-80.1213332,25.4367833,7.3,"Halichoeres poeyi"
"obis",-80.1130167,25.5760333,5.5,"Halichoeres poeyi"
"obis",-80.2906499,25.1577167,3.4,"Halichoeres poeyi"
"obis",-81.8067333,24.47695,7.9,"Halichoeres poeyi"
"obis",-81.6794667,24.49065,5.6,"Halichoeres poeyi"
"obis",-81.9571666,24.4503333,10.4,"Halichoeres poeyi"
"obis",-81.6826,24.5553,3.5,"Halichoeres poeyi"
"obis",-80.132323,25.411025,5.8,"Halichoeres poeyi"
"obis",-80.3493332,25.04285,5.2,"Halichoeres poeyi"
"obis",-80.4602,24.95485,3.8,"Halichoeres poeyi"
"obis",-80.2271167,25.2187667,4,"Halichoeres poeyi"
"obis",-80.1133833,25.5738667,3.8,"Halichoeres poeyi"
"obis",-80.8922333,24.7086667,7,"Halichoeres poeyi"
"obis",-81.42725,24.5424833,13.7,"Halichoeres poeyi"
"obis",-81.4747,24.5654,7.6,"Halichoeres poeyi"
"obis",-80.6725833,24.82355,8.4,"Halichoeres poeyi"
"obis",-80.2478833,25.1853167,3.5,"Halichoeres poeyi"
"obis",-80.4043,25.0116333,5.3,"Halichoeres poeyi"
"obis",-81.7001,24.4841,5.5,"Halichoeres poeyi"
"obis",-80.1156332,25.4782833,4.3,"Halichoeres poeyi"
"obis",-82.7862833,24.6931833,7.3,"Halichoeres poeyi"
"obis",-83.0554167,24.6254833,14.8,"Halichoeres poeyi"
"obis",-80.1445576,25.4114389,7.9,"Halichoeres poeyi"
"obis",-80.3944,25.04028,2.7,"Halichoeres poeyi"
"obis",-80.3056167,25.0936,7.6,"Halichoeres poeyi"
"obis",-80.3990333,25.0211667,4.6,"Halichoeres poeyi"
"obis",-81.8051499,24.4697834,9,"Halichoeres poeyi"
"obis",-83.04206,24.61957,18.6,"Halichoeres poeyi"
"obis",-81.5615666,24.5125667,9,"Halichoeres poeyi"
"obis",-81.52418,24.52805,5.5,"Halichoeres poeyi"
"obis",-82.9597833,24.5955833,14.9,"Halichoeres poeyi"
"obis",-81.01915,24.65785,5.9,"Halichoeres poeyi"
"obis",-80.14571,25.43987,2.9,"Halichoeres poeyi"
"obis",-82.9263167,24.6896833,16,"Halichoeres poeyi"
"obis",-81.48888,24.54206,6.6,"Halichoeres poeyi"
"obis",-79.8410280555555,15.8090561,8,"Halichoeres poeyi"
"obis",-80.1533999,25.3576833,9,"Halichoeres poeyi"
"obis",-81.48843,24.54203,6.7,"Halichoeres poeyi"
"obis",-82.80815,24.7104167,4.6,"Halichoeres poeyi"
"obis",-81.7540999,24.4855167,7.9,"Halichoeres poeyi"
"obis",-80.26721,25.23518,3.2,"Halichoeres poeyi"
"obis",-81.7019999,24.4995334,5.3,"Halichoeres poeyi"
"obis",-80.2883999,25.1561833,3.8,"Halichoeres poeyi"
"obis",-80.17637,25.37437,2.6,"Halichoeres poeyi"
"obis",-81.5782332,24.5237167,4,"Halichoeres poeyi"
"obis",-81.8377666,24.4638834,4.7,"Halichoeres poeyi"
"obis",-81.39085,24.61641,2.4,"Halichoeres poeyi"
"obis",-80.36891,25.03277,7.3,"Halichoeres poeyi"
"obis",-80.2269167,25.1989333,2.7,"Halichoeres poeyi"
"obis",-80.27417,25.14821,8.1,"Halichoeres poeyi"
"obis",-81.07345,24.6665167,3.2,"Halichoeres poeyi"
"obis",-80.268883,25.1755,3.5,"Halichoeres poeyi"
"obis",-80.9587833,24.6977,5,"Halichoeres poeyi"
"obis",-80.61847,24.84901,3.9,"Halichoeres poeyi"
"obis",-81.2068666,24.6013833,7.9,"Halichoeres poeyi"
"obis",-81.01364,24.66222,7,"Halichoeres poeyi"
"obis",-80.215979,25.259257,3.7,"Halichoeres poeyi"
"obis",-81.3992333,24.5650833,6.7,"Halichoeres poeyi"
"obis",-80.9446666,24.6954167,5.2,"Halichoeres poeyi"
"obis",-82.935567,24.5563,15.7,"Halichoeres poeyi"
"obis",-83.07799,24.6455,14.9,"Halichoeres poeyi"
"obis",-80.1349167,25.4571167,4.3,"Halichoeres poeyi"
"obis",-81.3841,24.56885,7.5,"Halichoeres poeyi"
"obis",-80.4580499,24.9583167,4.1,"Halichoeres poeyi"
"obis",-82.7803833,24.6894,6.3,"Halichoeres poeyi"
"obis",-82.90515,24.7070167,16,"Halichoeres poeyi"
"obis",-81.3457999,24.5612,6.4,"Halichoeres poeyi"
"obis",-80.11911,25.67524,7.8,"Halichoeres poeyi"
"obis",-77.3566666,8.6721666,10.5,"Halichoeres poeyi"
"obis",-80.2311166,25.2268167,1.9,"Halichoeres poeyi"
"obis",-81.8613861,12.1958278,3.25,"Halichoeres poeyi"
"obis",-81.8553833,24.4560167,4,"Halichoeres poeyi"
"obis",-81.26408,24.59653,7.9,"Halichoeres poeyi"
"obis",-42.16666667,-22.95,NA,"Halichoeres poeyi"
"obis",-80.9599333,24.6883333,5,"Halichoeres poeyi"
"obis",-81.5988,24.5083,7.3,"Halichoeres poeyi"
"obis",-80.388483,25.0316,3.4,"Halichoeres poeyi"
"obis",-81.6095333,24.529,12.5,"Halichoeres poeyi"
"obis",-80.1450333,25.3683333,5,"Halichoeres poeyi"
"obis",-80.75134,24.7677,5.2,"Halichoeres poeyi"
"obis",-80.75633,24.766,5.8,"Halichoeres poeyi"
"obis",-80.366783,25.019183,5.9,"Halichoeres poeyi"
"obis",-82.98194,24.60221,15.5,"Halichoeres poeyi"
"obis",-82.799233,24.710917,6.9,"Halichoeres poeyi"
"obis",-80.77835,24.7521667,6.7,"Halichoeres poeyi"
"obis",-81.74485,24.4817167,11.9,"Halichoeres poeyi"
"obis",-80.28245,25.1645167,3.8,"Halichoeres poeyi"
"obis",-81.1556667,24.6176667,9.3,"Halichoeres poeyi"
"obis",-82.7915333,24.699,4.7,"Halichoeres poeyi"
"obis",-80.26365,25.14242,4.6,"Halichoeres poeyi"
"obis",-80.47223,24.95421,5.2,"Halichoeres poeyi"
"obis",-80.2920499,25.1330833,6.9,"Halichoeres poeyi"
"obis",-80.3470833,25.0414833,4,"Halichoeres poeyi"
"obis",-81.4037332,24.5531,3.4,"Halichoeres poeyi"
"obis",-80.4579999,24.9585501,4.3,"Halichoeres poeyi"
"obis",-80.4603667,24.9784667,4.3,"Halichoeres poeyi"
"obis",-80.16038,25.33545,10.4,"Halichoeres poeyi"
"obis",-82.946683,24.628483,7.5,"Halichoeres poeyi"
"obis",-81.0171333,24.6539,7.9,"Halichoeres poeyi"
"obis",-81.3309833,24.5671833,8.4,"Halichoeres poeyi"
"obis",-81.40725,24.5477333,1.8,"Halichoeres poeyi"
"obis",-80.3915666,25.0279833,3.7,"Halichoeres poeyi"
"obis",-81.36805,24.5582833,7.6,"Halichoeres poeyi"
"obis",-80.2264833,25.2355667,3.7,"Halichoeres poeyi"
"obis",-82.87768,24.59682,5.5,"Halichoeres poeyi"
"obis",-80.141743,25.36331,5,"Halichoeres poeyi"
"obis",-80.4932833,24.9418,8.1,"Halichoeres poeyi"
"obis",-80.6570833,24.8251167,10.1,"Halichoeres poeyi"
"obis",-80.22813,25.22398,3.7,"Halichoeres poeyi"
"obis",-81.0510833,24.6865333,6.7,"Halichoeres poeyi"
"obis",-80.1025333,25.5924,4.3,"Halichoeres poeyi"
"obis",-82.90995,24.5703167,10.8,"Halichoeres poeyi"
"obis",-80.1518999,25.36975,7.5,"Halichoeres poeyi"
"obis",-81.0380333,24.6975667,4.1,"Halichoeres poeyi"
"obis",-80.4348333,24.9833167,6.9,"Halichoeres poeyi"
"obis",-80.38179,25.03415,4.6,"Halichoeres poeyi"
"obis",-80.62294,24.84943,3,"Halichoeres poeyi"
"obis",-80.54375,24.9023167,7.6,"Halichoeres poeyi"
"obis",-82.83579,24.62984,8.8,"Halichoeres poeyi"
"obis",-80.1108333,25.5419833,5.8,"Halichoeres poeyi"
"obis",-81.4897667,24.54195,8.4,"Halichoeres poeyi"
"obis",-80.28344,25.13293,8.1,"Halichoeres poeyi"
"obis",-80.3752166,25.0122833,1.8,"Halichoeres poeyi"
"obis",-81.4524167,24.5386667,6.7,"Halichoeres poeyi"
"obis",-80.457817,24.955317,6.9,"Halichoeres poeyi"
"obis",-80.7550499,24.7649167,7.5,"Halichoeres poeyi"
"obis",-82.97003,24.59308,14.3,"Halichoeres poeyi"
"obis",-81.94315,24.48275,7.8,"Halichoeres poeyi"
"obis",-81.5789333,24.5208833,9.6,"Halichoeres poeyi"
"obis",-81.83295,24.4755833,5.2,"Halichoeres poeyi"
"obis",-80.3945833,25.0403333,2.3,"Halichoeres poeyi"
"obis",-80.3169833,25.0767167,7.6,"Halichoeres poeyi"
"obis",-81.1122666,24.62885,2.6,"Halichoeres poeyi"
"obis",-80.3986667,25.0205667,3.7,"Halichoeres poeyi"
"obis",-80.4037666,24.9883667,4.3,"Halichoeres poeyi"
"obis",-80.3732999,25.0158333,5.5,"Halichoeres poeyi"
"obis",-82.79005,24.7019833,5.8,"Halichoeres poeyi"
"obis",-80.2408167,25.1676,14.2,"Halichoeres poeyi"
"obis",-82.8414,24.63253,10.1,"Halichoeres poeyi"
"obis",-81.1884333,24.6081333,9.8,"Halichoeres poeyi"
"obis",-82.87652,24.63362,4.5,"Halichoeres poeyi"
"obis",-80.2294666,25.2059,6.1,"Halichoeres poeyi"
"obis",-80.3253,25.1027167,3.8,"Halichoeres poeyi"
"obis",-80.412733,24.987983,7.3,"Halichoeres poeyi"
"obis",-80.33863,25.07259,4.9,"Halichoeres poeyi"
"obis",-80.12759,25.41646,4.8,"Halichoeres poeyi"
"obis",-81.31684,24.60184,8.8,"Halichoeres poeyi"
"obis",-59.6167,13.15,NA,"Halichoeres poeyi"
"obis",-81.1256999,24.62685,5.9,"Halichoeres poeyi"
"obis",-64.83238,18.29459,15,"Halichoeres poeyi"
"obis",-80.2199333,25.22295,6.9,"Halichoeres poeyi"
"obis",-83.0571667,24.6171667,15.4,"Halichoeres poeyi"
"obis",-80.4074833,25.0234833,2.4,"Halichoeres poeyi"
"obis",-81.6059833,24.5054167,7,"Halichoeres poeyi"
"obis",-80.5401499,24.9054167,6.4,"Halichoeres poeyi"
"obis",-80.1493499,25.4838333,3.7,"Halichoeres poeyi"
"obis",-80.1215832,25.5070333,4.9,"Halichoeres poeyi"
"obis",-82.841,24.63955,9.3,"Halichoeres poeyi"
"obis",-81.6358666,24.5014833,8.2,"Halichoeres poeyi"
"obis",-81.31731,24.60234,10.8,"Halichoeres poeyi"
"obis",-81.1291,24.6229,8.1,"Halichoeres poeyi"
"obis",-81.57535,24.52384,4.6,"Halichoeres poeyi"
"obis",-80.9615167,24.68665,5.5,"Halichoeres poeyi"
"obis",-80.35164,25.03773,1.8,"Halichoeres poeyi"
"obis",-80.2383499,25.1953667,3.5,"Halichoeres poeyi"
"obis",-80.88505,24.70914,7,"Halichoeres poeyi"
"obis",-80.1584909,25.3343531,9.6,"Halichoeres poeyi"
"obis",-80.1583333,25.408,2.4,"Halichoeres poeyi"
"obis",-80.531633,24.910417,5.8,"Halichoeres poeyi"
"obis",-81.9971833,24.4559833,7.6,"Halichoeres poeyi"
"obis",-82.7985833,24.7122333,9.3,"Halichoeres poeyi"
"obis",-82.955017,24.617067,6.3,"Halichoeres poeyi"
"obis",-80.13513,25.50319,6.7,"Halichoeres poeyi"
"obis",-81.942333,24.45415,9.1,"Halichoeres poeyi"
"obis",-82.8831,24.59247,9.1,"Halichoeres poeyi"
"obis",-80.7576833,24.7637667,6.6,"Halichoeres poeyi"
"obis",-80.4190499,24.9828501,5.6,"Halichoeres poeyi"
"obis",-80.4896,24.93933,7.3,"Halichoeres poeyi"
"obis",-80.5686,24.8802333,9.3,"Halichoeres poeyi"
"obis",-81.6922667,24.48795,7,"Halichoeres poeyi"
"obis",-80.9343833,24.6968,5.6,"Halichoeres poeyi"
"obis",-83.02614,24.63366,18.3,"Halichoeres poeyi"
"obis",-81.5636333,24.5560833,5.8,"Halichoeres poeyi"
"obis",-80.2655999,25.1331667,10.7,"Halichoeres poeyi"
"obis",-80.26315,25.13654,9,"Halichoeres poeyi"
"obis",-80.1078667,25.5603167,4.6,"Halichoeres poeyi"
"obis",-80.1581833,25.3505,8.4,"Halichoeres poeyi"
"obis",-80.14747,25.4492,5.2,"Halichoeres poeyi"
"obis",-81.6576166,24.49395,4.7,"Halichoeres poeyi"
"obis",-81.0688,24.6683,6.9,"Halichoeres poeyi"
"obis",-80.26645,25.1420833,6.1,"Halichoeres poeyi"
"obis",-80.5593,24.89235,8.1,"Halichoeres poeyi"
"obis",-80.33334,25.06058,4.7,"Halichoeres poeyi"
"obis",-80.26046,25.14625,4,"Halichoeres poeyi"
"obis",-81.4024999,24.5525167,3.8,"Halichoeres poeyi"
"obis",-80.7559166,24.7642167,8.5,"Halichoeres poeyi"
"obis",-81.6294166,24.5001167,5.2,"Halichoeres poeyi"
"obis",-80.37919,25.01202,2,"Halichoeres poeyi"
"obis",-81.7542666,24.4850167,7.8,"Halichoeres poeyi"
"obis",-81.8294833,24.4750667,4.7,"Halichoeres poeyi"
"obis",-80.75318,24.76668,6,"Halichoeres poeyi"
"obis",-81.2425833,24.6024167,9.8,"Halichoeres poeyi"
"obis",-80.2027833,25.26375,10.4,"Halichoeres poeyi"
"obis",-82.87302,24.59544,6.1,"Halichoeres poeyi"
"obis",-81.87565,24.4524833,5.3,"Halichoeres poeyi"
"obis",-81.0382167,24.6970833,4.3,"Halichoeres poeyi"
"obis",-80.14771,25.42557,2.1,"Halichoeres poeyi"
"obis",-82.78403,24.66321,10.2,"Halichoeres poeyi"
"obis",-82.917533,24.6987,15.4,"Halichoeres poeyi"
"obis",-80.4190166,24.9862501,2.6,"Halichoeres poeyi"
"obis",-80.2291499,25.2043,4.9,"Halichoeres poeyi"
"obis",-80.2544166,25.1962667,2,"Halichoeres poeyi"
"obis",-82.84827,24.69381,5.5,"Halichoeres poeyi"
"obis",-81.5620999,24.5125667,9.3,"Halichoeres poeyi"
"obis",-80.96556,24.68571,3.4,"Halichoeres poeyi"
"obis",-81.6713333,24.48875,9.5,"Halichoeres poeyi"
"obis",-81.1552166,24.6183334,9,"Halichoeres poeyi"
"obis",-80.2128832,25.23515,6.3,"Halichoeres poeyi"
"obis",-81.4118166,24.5873334,8.7,"Halichoeres poeyi"
"obis",-80.3551667,25.0297833,7.9,"Halichoeres poeyi"
"obis",-80.9645333,24.6856,4.3,"Halichoeres poeyi"
"obis",-80.88998,24.70152,7.3,"Halichoeres poeyi"
"obis",-80.2623666,25.14345,5.5,"Halichoeres poeyi"
"obis",-82.91915,24.5862167,12.5,"Halichoeres poeyi"
"obis",-81.8465166,24.4600667,6.6,"Halichoeres poeyi"
"obis",-80.6188166,24.8463833,10.4,"Halichoeres poeyi"
"obis",-81.7175333,24.4830833,2.4,"Halichoeres poeyi"
"obis",-81.1456167,24.6259167,8.2,"Halichoeres poeyi"
"obis",-81.8342666,24.4722,5.8,"Halichoeres poeyi"
"obis",-82.90057,24.62496,9,"Halichoeres poeyi"
"obis",-80.4343999,24.98905,6.7,"Halichoeres poeyi"
"obis",-82.8885,24.584467,11.3,"Halichoeres poeyi"
"obis",-80.126147,25.428931,3.7,"Halichoeres poeyi"
"obis",-79.8887077777,15.8943733333,19.6,"Halichoeres poeyi"
"obis",-81.66128,24.49499,1.8,"Halichoeres poeyi"
"obis",-80.3064166,25.1071167,6.9,"Halichoeres poeyi"
"obis",-80.7559,24.7643667,7,"Halichoeres poeyi"
"obis",-80.2298333,25.2002,4.3,"Halichoeres poeyi"
"obis",-81.6152667,24.51725,7.6,"Halichoeres poeyi"
"obis",-80.5432333,24.9024,8.1,"Halichoeres poeyi"
"obis",-81.6270833,24.5302833,7.3,"Halichoeres poeyi"
"obis",-80.29877,25.12537,6.9,"Halichoeres poeyi"
"obis",-80.3052166,25.12225,4.9,"Halichoeres poeyi"
"obis",-80.44356,24.99298,4.3,"Halichoeres poeyi"
"obis",-81.9012333,24.4506833,7.8,"Halichoeres poeyi"
"obis",-80.47934,24.94393,3.7,"Halichoeres poeyi"
"obis",-81.6053167,24.5167167,6.1,"Halichoeres poeyi"
"obis",-81.0539167,24.6454833,7.8,"Halichoeres poeyi"
"obis",-80.132214,25.411348,6.6,"Halichoeres poeyi"
"obis",-81.0377333,24.6561667,6.4,"Halichoeres poeyi"
"obis",-80.7274666,24.7704667,12.2,"Halichoeres poeyi"
"obis",-80.22395,25.20937,5,"Halichoeres poeyi"
"obis",-80.2264833,25.2355667,3.2,"Halichoeres poeyi"
"obis",-80.1043666,25.56665,4.7,"Halichoeres poeyi"
"obis",-81.6996167,24.48555,6.1,"Halichoeres poeyi"
"obis",-80.2323832,25.2077167,6.1,"Halichoeres poeyi"
"obis",-81.8141333,24.4669,9.1,"Halichoeres poeyi"
"obis",-80.2149667,25.222,5.2,"Halichoeres poeyi"
"obis",-80.2253333,25.2890667,3.8,"Halichoeres poeyi"
"obis",-80.30218,25.10936,8.5,"Halichoeres poeyi"
"obis",-80.4141,24.98895,3.4,"Halichoeres poeyi"
"obis",-80.5056666,24.9204167,11.4,"Halichoeres poeyi"
"obis",-80.56291,24.90768,6.7,"Halichoeres poeyi"
"obis",-80.2248666,25.22115,3.4,"Halichoeres poeyi"
"obis",-83.06002,24.62245,14.8,"Halichoeres poeyi"
"obis",-81.0686,24.6684,6.4,"Halichoeres poeyi"
"obis",-80.4928,24.938483,7.3,"Halichoeres poeyi"
"obis",-81.4453167,24.5505833,7,"Halichoeres poeyi"
"obis",-80.360333,25.05895,4.3,"Halichoeres poeyi"
"obis",-81.6232,24.51065,5.2,"Halichoeres poeyi"
"obis",-80.2625667,25.1993667,2.7,"Halichoeres poeyi"
"obis",-80.1395333,25.5012833,5.2,"Halichoeres poeyi"
"obis",-82.8935,24.5899833,8.1,"Halichoeres poeyi"
"obis",-81.70935,24.4866,4.6,"Halichoeres poeyi"
"obis",-81.3852332,24.5683001,6.1,"Halichoeres poeyi"
"obis",-80.2181167,25.2604667,4.1,"Halichoeres poeyi"
"obis",-81.0521666,24.6445333,8.2,"Halichoeres poeyi"
"obis",-81.14199,24.65122,8.7,"Halichoeres poeyi"
"obis",-80.5512167,24.8939333,10.7,"Halichoeres poeyi"
"obis",-80.23635,25.2783833,3.2,"Halichoeres poeyi"
"obis",-82.9602333,24.596,14.6,"Halichoeres poeyi"
"obis",-80.3327167,25.0623333,7.5,"Halichoeres poeyi"
"obis",-80.37575,25.01433,3.4,"Halichoeres poeyi"
"obis",-81.8414,24.46443,2.4,"Halichoeres poeyi"
"obis",-80.4601667,24.9786333,4.4,"Halichoeres poeyi"
"obis",-81.8219167,24.4752667,7.6,"Halichoeres poeyi"
"obis",-80.58603,24.8724,8.1,"Halichoeres poeyi"
"obis",-81.4947666,24.5402833,7.2,"Halichoeres poeyi"
"obis",-80.5894333,24.8737334,7.3,"Halichoeres poeyi"
"obis",-81.51952,24.52615,3.2,"Halichoeres poeyi"
"obis",-81.6598667,24.5618167,5.2,"Halichoeres poeyi"
"obis",-82.94875,24.624767,4.8,"Halichoeres poeyi"
"obis",-80.1063833,25.54725,5,"Halichoeres poeyi"
"obis",-81.7328499,24.4776,8.1,"Halichoeres poeyi"
"obis",-81.5809333,24.5221834,2.4,"Halichoeres poeyi"
"obis",-80.2642667,25.18225,5.3,"Halichoeres poeyi"
"obis",-80.35457,25.03777,4.7,"Halichoeres poeyi"
"obis",-80.50419,24.92467,5.5,"Halichoeres poeyi"
"obis",-80.1419,25.4987333,5.5,"Halichoeres poeyi"
"obis",-81.2431332,24.6038167,8.5,"Halichoeres poeyi"
"obis",-80.4391999,24.9776167,8.8,"Halichoeres poeyi"
"obis",-80.88799,24.70235,7,"Halichoeres poeyi"
"obis",-83.046483,24.698483,19.7,"Halichoeres poeyi"
"obis",-80.5761,24.873917,7.8,"Halichoeres poeyi"
"obis",-82.78432,24.7057,9.3,"Halichoeres poeyi"
"obis",-83.0202333,24.67805,21.6,"Halichoeres poeyi"
"obis",-80.3258,25.1029833,4.4,"Halichoeres poeyi"
"obis",-81.0114,24.66355,4.3,"Halichoeres poeyi"
"obis",-81.8962166,24.47905,4.9,"Halichoeres poeyi"
"obis",-80.2067333,25.2307667,7.9,"Halichoeres poeyi"
"obis",-81.147167,24.615967,7.9,"Halichoeres poeyi"
"obis",-80.6679833,24.8229,9.1,"Halichoeres poeyi"
"obis",-81.9970833,24.4329167,16.6,"Halichoeres poeyi"
"obis",-80.25435,25.1927,3.1,"Halichoeres poeyi"
"obis",-80.96935,24.6842833,4.6,"Halichoeres poeyi"
"obis",-80.31034,25.11208,3.1,"Halichoeres poeyi"
"obis",-81.6626833,24.4954333,2.3,"Halichoeres poeyi"
"obis",-81.57747,24.52349,4,"Halichoeres poeyi"
"obis",-82.86648,24.6179,9.1,"Halichoeres poeyi"
"obis",-82.9349333,24.6114,14,"Halichoeres poeyi"
"obis",-80.56345,24.8879501,7.3,"Halichoeres poeyi"
"obis",-80.36006,25.06037,2.6,"Halichoeres poeyi"
"obis",-80.2132,25.22554,3.9,"Halichoeres poeyi"
"obis",-77.1,18.4083,NA,"Halichoeres poeyi"
"obis",-80.75965,24.7625667,7.3,"Halichoeres poeyi"
"obis",-80.2259833,25.19965,3,"Halichoeres poeyi"
"obis",-80.18575,25.32559,3.4,"Halichoeres poeyi"
"obis",-80.2630333,25.1987833,2.9,"Halichoeres poeyi"
"obis",-81.6649833,24.4903334,9.1,"Halichoeres poeyi"
"obis",-80.1522167,25.3552,9.5,"Halichoeres poeyi"
"obis",-83.05715,24.612,18.4,"Halichoeres poeyi"
"obis",-80.9662,24.6861,3.2,"Halichoeres poeyi"
"obis",-80.37239,25.02312,3,"Halichoeres poeyi"
"obis",-80.4343999,24.98905,5.3,"Halichoeres poeyi"
"obis",-80.0988,25.58695,5.2,"Halichoeres poeyi"
"obis",-80.3467333,25.0415,3.4,"Halichoeres poeyi"
"obis",-80.59241,24.88026,5,"Halichoeres poeyi"
"obis",-80.22417,25.20925,4.3,"Halichoeres poeyi"
"obis",-81.6904167,24.5516667,2.9,"Halichoeres poeyi"
"obis",-80.3253166,25.0753333,6.1,"Halichoeres poeyi"
"obis",-80.30779,25.1056,4.3,"Halichoeres poeyi"
"obis",-82.85803,24.63481,10.7,"Halichoeres poeyi"
"obis",-82.9681,24.606867,13.9,"Halichoeres poeyi"
"obis",-81.58985,24.5205833,7.2,"Halichoeres poeyi"
"obis",-80.1056666,25.5737834,6.9,"Halichoeres poeyi"
"obis",-82.77958,24.6658,11.6,"Halichoeres poeyi"
"obis",-83.01495,24.66853,19.2,"Halichoeres poeyi"
"obis",-80.5622,24.8841167,9.1,"Halichoeres poeyi"
"obis",-80.3776167,25.0379833,3.4,"Halichoeres poeyi"
"obis",-80.1562666,25.36405,7.8,"Halichoeres poeyi"
"obis",-82.89927,24.62664,8.4,"Halichoeres poeyi"
"obis",-82.8252,24.63425,5.6,"Halichoeres poeyi"
"obis",-81.86935,24.4572834,7.8,"Halichoeres poeyi"
"obis",-81.48738,24.53107,9.1,"Halichoeres poeyi"
"obis",-80.7783333,24.75245,7,"Halichoeres poeyi"
"obis",-80.9651333,24.7012167,4.6,"Halichoeres poeyi"
"obis",-80.370183,25.020383,2.3,"Halichoeres poeyi"
"obis",-81.4953666,24.54015,6.7,"Halichoeres poeyi"
"obis",-81.4058333,24.5509833,2.7,"Halichoeres poeyi"
"obis",-82.8286,24.7228333,18.9,"Halichoeres poeyi"
"obis",-81.8918166,24.4796167,4.1,"Halichoeres poeyi"
"obis",-81.9252,24.4451333,6.3,"Halichoeres poeyi"
"obis",-81.40305,24.55177,3,"Halichoeres poeyi"
"obis",-81.87885,24.4430167,16.8,"Halichoeres poeyi"
"obis",-80.8886666,24.70315,7.5,"Halichoeres poeyi"
"obis",-80.18633,25.35778,2.3,"Halichoeres poeyi"
"obis",-80.1329,25.4639,5.5,"Halichoeres poeyi"
"obis",-82.9046667,24.59695,6.4,"Halichoeres poeyi"
"obis",-80.6684666,24.8156167,9.5,"Halichoeres poeyi"
"obis",-81.7105,24.5054,8.7,"Halichoeres poeyi"
"obis",-81.1846167,24.60685,9.6,"Halichoeres poeyi"
"obis",-80.5549,24.8964667,6.6,"Halichoeres poeyi"
"obis",-81.8508361,12.1944417,1.1,"Halichoeres poeyi"
"obis",-81.8953833,24.4821167,4.6,"Halichoeres poeyi"
"obis",-80.6158,24.8509167,5.9,"Halichoeres poeyi"
"obis",-42,-22.96666667,NA,"Halichoeres poeyi"
"obis",-80.3385666,25.0480167,6.9,"Halichoeres poeyi"
"obis",-81.85786,24.45721,5,"Halichoeres poeyi"
"obis",-80.2565667,25.15475,8.7,"Halichoeres poeyi"
"obis",-80.3527167,25.0382167,2.3,"Halichoeres poeyi"
"obis",-81.7261499,24.48255,7.2,"Halichoeres poeyi"
"obis",-80.3786999,25.0119833,3.2,"Halichoeres poeyi"
"obis",-83.059283,24.609917,15.9,"Halichoeres poeyi"
"obis",-80.3041499,25.1006333,8.4,"Halichoeres poeyi"
"obis",-81.8912499,24.4797167,4.4,"Halichoeres poeyi"
"obis",-81.8478999,24.4641,5.2,"Halichoeres poeyi"
"obis",-82.8247,24.6909333,3.1,"Halichoeres poeyi"
"obis",-80.1351333,25.5139,6.7,"Halichoeres poeyi"
"obis",-80.2104,25.28495,6.9,"Halichoeres poeyi"
"obis",-80.1133667,25.5735667,4.4,"Halichoeres poeyi"
"obis",-83.0622,24.6157,14.3,"Halichoeres poeyi"
"obis",-83.0860833,24.65955,20.6,"Halichoeres poeyi"
"obis",-80.80926,24.73425,10.4,"Halichoeres poeyi"
"obis",-79.848611111,15.7939722,15,"Halichoeres poeyi"
"obis",-81.8422167,24.4802667,5.6,"Halichoeres poeyi"
"obis",-80.1205667,25.4601,7.2,"Halichoeres poeyi"
"obis",-80.62366,24.84797,3.7,"Halichoeres poeyi"
"obis",-80.55939,24.88894,9.5,"Halichoeres poeyi"
"obis",-80.1135217,25.4900029,4.1,"Halichoeres poeyi"
"obis",-81.51824,24.52346,5.2,"Halichoeres poeyi"
"obis",-80.24711,25.15802,14.5,"Halichoeres poeyi"
"obis",-80.9320999,24.6988167,4.3,"Halichoeres poeyi"
"obis",-81.7351833,24.4799833,9,"Halichoeres poeyi"
"obis",-82.90395,24.6862167,11.1,"Halichoeres poeyi"
"obis",-80.7296667,24.8382167,5,"Halichoeres poeyi"
"obis",-81.10855,24.6267667,7.8,"Halichoeres poeyi"
"obis",-82.956517,24.605383,12.8,"Halichoeres poeyi"
"obis",-80.21368,25.305,4,"Halichoeres poeyi"
"obis",-81.5755,24.5249,4.9,"Halichoeres poeyi"
"obis",-81.9008,24.4510167,8.1,"Halichoeres poeyi"
"obis",-81.7218,24.4829833,6.3,"Halichoeres poeyi"
"obis",-82.85898,24.62863,9.4,"Halichoeres poeyi"
"obis",-81.7095333,24.5058833,5,"Halichoeres poeyi"
"obis",-81.8478999,24.4641,5,"Halichoeres poeyi"
"obis",-80.1789667,25.3527833,2.7,"Halichoeres poeyi"
"obis",-80.52962,24.9086,5.8,"Halichoeres poeyi"
"obis",-81.7243833,24.4780667,11.1,"Halichoeres poeyi"
"obis",-81.63675,24.49985,7.5,"Halichoeres poeyi"
"obis",-83.04324,24.65818,17.4,"Halichoeres poeyi"
"obis",-80.54109,24.91543,6.1,"Halichoeres poeyi"
"obis",-81.0508333,24.6911667,4.9,"Halichoeres poeyi"
"obis",-82.7816167,24.6914667,6.6,"Halichoeres poeyi"
"obis",-80.1361,25.3942,2.3,"Halichoeres poeyi"
"obis",-81.69668,24.48593,8.8,"Halichoeres poeyi"
"obis",-82.9323167,24.6391,8.5,"Halichoeres poeyi"
"obis",-81.5028166,24.5618,5.2,"Halichoeres poeyi"
"obis",-80.47226,24.9458,6.6,"Halichoeres poeyi"
"obis",-80.4574166,24.9561667,5.2,"Halichoeres poeyi"
"obis",-80.2601833,25.1493167,7,"Halichoeres poeyi"
"obis",-80.7282167,24.8368,4.9,"Halichoeres poeyi"
"obis",-80.9335833,24.69645,4.7,"Halichoeres poeyi"
"obis",-82.8765,24.63373,4.6,"Halichoeres poeyi"
"obis",-82.77793,24.70955,16.2,"Halichoeres poeyi"
"obis",-80.14506,25.48005,5.9,"Halichoeres poeyi"
"obis",-81.5666333,24.5155167,7,"Halichoeres poeyi"
"obis",-80.3233166,25.0926167,5,"Halichoeres poeyi"
"obis",-83.06998,24.63462,16.2,"Halichoeres poeyi"
"obis",-82.90176,24.62324,9,"Halichoeres poeyi"
"obis",-81.69966,24.48303,6.4,"Halichoeres poeyi"
"obis",-80.09853,25.62076,7.3,"Halichoeres poeyi"
"obis",-81.1182832,24.6259334,8.5,"Halichoeres poeyi"
"obis",-80.5060666,24.9239501,6.7,"Halichoeres poeyi"
"obis",-80.25546,25.17635,6.4,"Halichoeres poeyi"
"obis",-80.2282333,25.2306167,3.4,"Halichoeres poeyi"
"obis",-80.9689667,24.6813167,7.2,"Halichoeres poeyi"
"obis",-80.96368,24.6864,3.4,"Halichoeres poeyi"
"obis",-82.80362,24.63549,6.4,"Halichoeres poeyi"
"obis",-81.2844666,24.5771167,8.7,"Halichoeres poeyi"
"obis",-81.70565,24.4851833,2.3,"Halichoeres poeyi"
"obis",-81.7182833,24.4821167,2.9,"Halichoeres poeyi"
"obis",-81.7124333,24.4828,2.1,"Halichoeres poeyi"
"obis",-80.09836,25.59129,5.4,"Halichoeres poeyi"
"obis",-80.2975833,25.1246167,5.6,"Halichoeres poeyi"
"obis",-80.4337166,24.9765001,7,"Halichoeres poeyi"
"obis",-81.6754166,24.49245,3.2,"Halichoeres poeyi"
"obis",-81.8056833,24.4777167,9.3,"Halichoeres poeyi"
"obis",-80.7515167,24.7663167,9.5,"Halichoeres poeyi"
"obis",-82.91688,24.58651,9.6,"Halichoeres poeyi"
"obis",-80.6163333,24.8500834,3.8,"Halichoeres poeyi"
"obis",-80.3431166,25.0483,3.2,"Halichoeres poeyi"
"obis",-82.8113667,24.7121833,4.7,"Halichoeres poeyi"
"obis",-83.06636,24.6143,16.4,"Halichoeres poeyi"
"obis",-81.8298666,24.47375,7,"Halichoeres poeyi"
"obis",-80.5715167,24.8868333,6.3,"Halichoeres poeyi"
"obis",-80.30815,25.1055333,5.3,"Halichoeres poeyi"
"obis",-80.3046499,25.1225833,4.6,"Halichoeres poeyi"
"obis",-80.28261,25.11571,10.7,"Halichoeres poeyi"
"obis",-82.9482667,24.6071167,15.2,"Halichoeres poeyi"
"obis",-80.1343333,25.5072333,6.7,"Halichoeres poeyi"
"obis",-80.18555,25.32302,2.6,"Halichoeres poeyi"
"obis",-81.5179666,24.52255,5.5,"Halichoeres poeyi"
"obis",-80.5051667,24.9239,5.5,"Halichoeres poeyi"
"obis",-66.75,11.83333,10,"Halichoeres poeyi"
"obis",-82.9192333,24.58795,9.8,"Halichoeres poeyi"
"obis",-80.6836666,24.8189834,5.3,"Halichoeres poeyi"
"obis",-80.96,24.6882833,4.4,"Halichoeres poeyi"
"obis",-80.144031,25.371371,3.2,"Halichoeres poeyi"
"obis",-82.8852,24.59281,6.7,"Halichoeres poeyi"
"obis",-80.43582,24.98631,7.6,"Halichoeres poeyi"
"obis",-82.9282333,24.56625,13.3,"Halichoeres poeyi"
"obis",-83.0876833,24.6120667,17.7,"Halichoeres poeyi"
"obis",-81.3644666,24.5569,7,"Halichoeres poeyi"
"obis",-81.3650666,24.5567667,6.7,"Halichoeres poeyi"
"obis",-81.1851666,24.6066334,7.9,"Halichoeres poeyi"
"obis",-80.8016666,24.7615,7.5,"Halichoeres poeyi"
"obis",-81.6975,24.55036,4.2,"Halichoeres poeyi"
"obis",-81.57606,24.52466,4,"Halichoeres poeyi"
"obis",-80.24321,25.20877,2.3,"Halichoeres poeyi"
"obis",-81.9567166,24.4537834,9.9,"Halichoeres poeyi"
"obis",-81.05242,24.69657,2.1,"Halichoeres poeyi"
"obis",-81.67649,24.49321,3.2,"Halichoeres poeyi"
"obis",-80.1681828,25.3292009,10.2,"Halichoeres poeyi"
"obis",-80.2606833,25.1490333,8.1,"Halichoeres poeyi"
"obis",-80.2616833,25.1881667,2.9,"Halichoeres poeyi"
"obis",-80.1223499,25.4295834,9.5,"Halichoeres poeyi"
"obis",-81.1891333,24.6182,8.2,"Halichoeres poeyi"
"obis",-81.8716,24.4442,26.7,"Halichoeres poeyi"
"obis",-80.2665332,25.1418667,4.3,"Halichoeres poeyi"
"obis",-80.37923,25.01241,2.7,"Halichoeres poeyi"
"obis",-81.8124,24.4683667,5.9,"Halichoeres poeyi"
"obis",-80.4287,25.0082,3.4,"Halichoeres poeyi"
"obis",-82.8655167,24.6646833,11.6,"Halichoeres poeyi"
"obis",-81.2199499,24.5990167,8.2,"Halichoeres poeyi"
"obis",-82.93078,24.69501,15.8,"Halichoeres poeyi"
"obis",-81.6321,24.5088667,4.6,"Halichoeres poeyi"
"obis",-80.1059832,25.5915333,3.4,"Halichoeres poeyi"
"obis",-80.2567667,25.1509333,10.2,"Halichoeres poeyi"
"obis",-80.1024167,25.5921833,5.5,"Halichoeres poeyi"
"obis",-81.71415,24.4836167,2.3,"Halichoeres poeyi"
"obis",-83.0976833,24.65425,20.9,"Halichoeres poeyi"
"obis",-80.75365,24.7667333,5.2,"Halichoeres poeyi"
"obis",-80.28488,25.15991,6,"Halichoeres poeyi"
"obis",-80.22041,25.22242,6.9,"Halichoeres poeyi"
"obis",-80.15992,25.35892,6.9,"Halichoeres poeyi"
"obis",-82.9024,24.5998,6.6,"Halichoeres poeyi"
"obis",-81.8605528,12.1861111,3,"Halichoeres poeyi"
"obis",-82.78815,24.7030167,7.3,"Halichoeres poeyi"
"obis",-81.8502167,24.4680833,5.2,"Halichoeres poeyi"
"obis",-81.6212333,24.51195,5.9,"Halichoeres poeyi"
"obis",-81.70685,24.4952667,7.6,"Halichoeres poeyi"
"obis",-80.2648167,25.1417333,5.2,"Halichoeres poeyi"
"obis",-83.0553833,24.6254833,14.9,"Halichoeres poeyi"
"obis",-80.7537333,24.7665,5.9,"Halichoeres poeyi"
"obis",-80.75639,24.76321,8.5,"Halichoeres poeyi"
"obis",-80.2126667,25.2267833,6.1,"Halichoeres poeyi"
"obis",-82.874633,24.664517,6.9,"Halichoeres poeyi"
"obis",-83.05986,24.6541,16,"Halichoeres poeyi"
"obis",-80.49963,24.94647,4.9,"Halichoeres poeyi"
"obis",-80.49243,24.95686,4.5,"Halichoeres poeyi"
"obis",-80.1252332,25.4576334,6.3,"Halichoeres poeyi"
"obis",-80.1330167,25.40435,2.4,"Halichoeres poeyi"
"obis",-82.92908,24.64423,9.6,"Halichoeres poeyi"
"obis",-81.3812167,24.5586,5.3,"Halichoeres poeyi"
"obis",-80.3997833,25.0222167,3.8,"Halichoeres poeyi"
"obis",-83.07242,24.65655,17.1,"Halichoeres poeyi"
"obis",-81.92617,24.44467,3.4,"Halichoeres poeyi"
"obis",-83.07015,24.6433833,16.6,"Halichoeres poeyi"
"obis",-80.13729,25.51938,6.1,"Halichoeres poeyi"
"obis",-80.53448,24.91046,5.2,"Halichoeres poeyi"
"obis",-80.1012666,25.596,4.7,"Halichoeres poeyi"
"obis",-80.1524499,25.3697167,7.3,"Halichoeres poeyi"
"obis",-81.0064667,24.6593,7,"Halichoeres poeyi"
"obis",-80.1452166,25.4449667,3,"Halichoeres poeyi"
"obis",-83.02925,24.6809667,16.8,"Halichoeres poeyi"
"obis",-81.9053166,24.4529,9.5,"Halichoeres poeyi"
"obis",-81.76235,24.473233,5,"Halichoeres poeyi"
"obis",-80.58134,24.88991,3.7,"Halichoeres poeyi"
"obis",-80.2998667,25.11795,9.1,"Halichoeres poeyi"
"obis",-81.9427999,24.4541334,8.5,"Halichoeres poeyi"
"obis",-80.22441,25.21155,5.6,"Halichoeres poeyi"
"obis",-80.2647667,25.18385,2.6,"Halichoeres poeyi"
"obis",-81.8298666,24.47375,6.9,"Halichoeres poeyi"
"obis",-80.3323166,25.0612667,5.8,"Halichoeres poeyi"
"obis",-80.26646,25.14202,6.4,"Halichoeres poeyi"
"obis",-81.9902499,24.4521334,8.2,"Halichoeres poeyi"
"obis",-81.1336332,24.6238667,8.1,"Halichoeres poeyi"
"obis",-81.7311,24.4790667,7,"Halichoeres poeyi"
"obis",-81.6205832,24.5136333,4.4,"Halichoeres poeyi"
"obis",-80.3224332,25.0806667,5.9,"Halichoeres poeyi"
"obis",-80.38179,25.03435,4,"Halichoeres poeyi"
"obis",-81.11105,24.6286667,4.1,"Halichoeres poeyi"
"obis",-80.13332,25.40374,3.6,"Halichoeres poeyi"
"obis",-82.87194,24.59255,12.1,"Halichoeres poeyi"
"obis",-80.13328,25.45645,7,"Halichoeres poeyi"
"obis",-80.13677,25.53075,6.6,"Halichoeres poeyi"
"obis",-80.1189999,25.5111334,7,"Halichoeres poeyi"
"obis",-80.1343332,25.4590834,4.4,"Halichoeres poeyi"
"obis",-80.3793999,25.0035333,3.7,"Halichoeres poeyi"
"obis",-80.4227332,25.0031167,5.5,"Halichoeres poeyi"
"obis",-80.9568333,24.6986667,5.6,"Halichoeres poeyi"
"obis",-80.2602667,25.15455,11.3,"Halichoeres poeyi"
"obis",-80.0989833,25.5913,5,"Halichoeres poeyi"
"obis",-82.95586,24.58766,14,"Halichoeres poeyi"
"obis",-80.62065,24.8503167,2.3,"Halichoeres poeyi"
"obis",-80.3709999,25.0141667,7.9,"Halichoeres poeyi"
"obis",-80.5621833,24.9087667,6.6,"Halichoeres poeyi"
"obis",-80.75255,24.76555,9.4,"Halichoeres poeyi"
"obis",-81.3682333,24.5583,8.1,"Halichoeres poeyi"
"obis",-81.1850667,24.6067833,8.2,"Halichoeres poeyi"
"obis",-82.91014,24.58704,8.7,"Halichoeres poeyi"
"obis",-83.06397,24.66847,18,"Halichoeres poeyi"
"obis",-80.19732,25.31433,6.7,"Halichoeres poeyi"
"obis",-80.61781,24.9046,4.2,"Halichoeres poeyi"
"obis",-80.2151999,25.2999833,4,"Halichoeres poeyi"
"obis",-81.5646,24.5119167,6.1,"Halichoeres poeyi"
"obis",-81.0064667,24.6593,6.6,"Halichoeres poeyi"
"obis",-81.63469,24.53709,4.6,"Halichoeres poeyi"
"obis",-83.0309,24.632367,15.2,"Halichoeres poeyi"
"obis",-80.2687666,25.1551167,6.1,"Halichoeres poeyi"
"obis",-82.7950833,24.6353333,11.9,"Halichoeres poeyi"
"obis",-81.8311167,24.47765,7,"Halichoeres poeyi"
"obis",-81.8794499,24.4512334,7.9,"Halichoeres poeyi"
"obis",-80.3201166,25.0826667,6.3,"Halichoeres poeyi"
"obis",-80.128664,25.41589,5,"Halichoeres poeyi"
"obis",-80.4661666,24.9916667,4.1,"Halichoeres poeyi"
"obis",-81.0991,24.6633,6.6,"Halichoeres poeyi"
"obis",-80.1254332,25.4574334,7.2,"Halichoeres poeyi"
"obis",-80.3239999,25.0908833,6.3,"Halichoeres poeyi"
"obis",-82.8896833,24.6732,11.3,"Halichoeres poeyi"
"obis",-82.9703833,24.57095,17.5,"Halichoeres poeyi"
"obis",-83.07003,24.64842,16.5,"Halichoeres poeyi"
"obis",-81.5127333,24.5236833,9,"Halichoeres poeyi"
"obis",-80.50375,24.9246,4.3,"Halichoeres poeyi"
"obis",-81.0632,24.6723,7.9,"Halichoeres poeyi"
"obis",-81.7827,24.4714333,9,"Halichoeres poeyi"
"obis",-80.9617666,24.6738333,5.2,"Halichoeres poeyi"
"obis",-80.65715,24.81813,17.4,"Halichoeres poeyi"
"obis",-80.15926,25.34704,6.1,"Halichoeres poeyi"
"obis",-80.5645833,24.887,8.1,"Halichoeres poeyi"
"obis",-80.28127,25.12024,10.7,"Halichoeres poeyi"
"obis",-82.954467,24.618783,8.9,"Halichoeres poeyi"
"obis",-81.0705,24.66607,4.9,"Halichoeres poeyi"
"obis",-80.3211333,25.0783667,7.5,"Halichoeres poeyi"
"obis",-80.5670667,24.9005333,3.7,"Halichoeres poeyi"
"obis",-82.8909667,24.5898167,9.6,"Halichoeres poeyi"
"obis",-80.75317,24.7669,4.5,"Halichoeres poeyi"
"obis",-80.3781667,25.011,4.6,"Halichoeres poeyi"
"obis",-80.14835,25.48691,5.2,"Halichoeres poeyi"
"obis",-82.828267,24.629967,6.3,"Halichoeres poeyi"
"obis",-81.87771,24.45872,5.2,"Halichoeres poeyi"
"obis",-81.8813,24.4546,6.6,"Halichoeres poeyi"
"obis",-80.3740666,25.0135833,2.3,"Halichoeres poeyi"
"obis",-80.5625667,24.9091667,6.7,"Halichoeres poeyi"
"obis",-80.1343,25.52115,7.3,"Halichoeres poeyi"
"obis",-80.1798,25.33588,3,"Halichoeres poeyi"
"obis",-80.6231499,24.8462001,4.9,"Halichoeres poeyi"
"obis",-82.8581167,24.6290167,9.9,"Halichoeres poeyi"
"obis",-80.1651667,25.3877167,2.3,"Halichoeres poeyi"
"obis",-80.3861499,25.032,3.7,"Halichoeres poeyi"
"obis",-80.157489,25.3624115,6.1,"Halichoeres poeyi"
"obis",-81.7012333,24.4859,7.3,"Halichoeres poeyi"
"obis",-83.06445,24.6059167,15.2,"Halichoeres poeyi"
"obis",-80.50391,24.92472,4.9,"Halichoeres poeyi"
"obis",-80.4442999,24.9821667,6.9,"Halichoeres poeyi"
"obis",-80.1785,25.3530833,2.9,"Halichoeres poeyi"
"obis",-80.1252999,25.4226334,4.7,"Halichoeres poeyi"
"obis",-80.4808,24.9415167,5.3,"Halichoeres poeyi"
"obis",-80.3055332,25.0935333,8.8,"Halichoeres poeyi"
"obis",-83.05702,24.61334,13.7,"Halichoeres poeyi"
"obis",-80.75236,24.768,5.5,"Halichoeres poeyi"
"obis",-80.66229,24.81883,10.8,"Halichoeres poeyi"
"obis",-82.93711,24.63043,6.9,"Halichoeres poeyi"
"obis",-80.7266999,24.7711167,11,"Halichoeres poeyi"
"obis",-80.6237999,24.8929501,5.2,"Halichoeres poeyi"
"obis",-81.43733,24.57934,9,"Halichoeres poeyi"
"obis",-81.64827,24.49766,4.3,"Halichoeres poeyi"
"obis",-80.47226,24.9458,5.2,"Halichoeres poeyi"
"obis",-81.6842,24.5537833,2.7,"Halichoeres poeyi"
"obis",-82.9046167,24.5972333,6.7,"Halichoeres poeyi"
"obis",-80.0986832,25.6804,6.7,"Halichoeres poeyi"
"obis",-80.0979333,25.5933833,6.7,"Halichoeres poeyi"
"obis",-82.9062333,24.6970833,12.5,"Halichoeres poeyi"
"obis",-81.8517833,24.4631833,6.4,"Halichoeres poeyi"
"obis",-80.15124,25.44448,3.5,"Halichoeres poeyi"
"obis",-81.090117,24.633067,4,"Halichoeres poeyi"
"obis",-80.6931333,24.79505,9.3,"Halichoeres poeyi"
"obis",-83.0686667,24.6303167,16.5,"Halichoeres poeyi"
"obis",-80.5691167,24.8802,9,"Halichoeres poeyi"
"obis",-82.93013,24.56803,13.1,"Halichoeres poeyi"
"obis",-83.07155,24.6559,17.4,"Halichoeres poeyi"
"obis",-80.26155,25.14555,6.3,"Halichoeres poeyi"
"obis",-80.401033,25.016883,5.5,"Halichoeres poeyi"
"obis",-80.36893,25.03244,7.9,"Halichoeres poeyi"
"obis",-81.6358666,24.5014833,7.8,"Halichoeres poeyi"
"obis",-80.1323788,25.4047622,3.5,"Halichoeres poeyi"
"obis",-80.0923,25.64854,11,"Halichoeres poeyi"
"obis",-81.7711666,24.4827,7,"Halichoeres poeyi"
"obis",-80.3683,25.04443,3,"Halichoeres poeyi"
"obis",-81.96059,24.51193,4.2,"Halichoeres poeyi"
"obis",-82.9224,24.5827,10,"Halichoeres poeyi"
"obis",-81.2813,24.58718,9.4,"Halichoeres poeyi"
"obis",-83.06015,24.65421,16.2,"Halichoeres poeyi"
"obis",-80.09821,25.62086,7.3,"Halichoeres poeyi"
"obis",-80.2830499,25.14205,7.3,"Halichoeres poeyi"
"obis",-82.91606,24.59859,9,"Halichoeres poeyi"
"obis",-80.141429,25.365221,4.4,"Halichoeres poeyi"
"obis",-80.1452131,25.3842521,7.6,"Halichoeres poeyi"
"obis",-79.8323602777777,15.8320561,7,"Halichoeres poeyi"
"obis",-82.933583,24.632983,7.8,"Halichoeres poeyi"
"obis",-81.34226,24.56548,5.6,"Halichoeres poeyi"
"obis",-80.5809,24.8708333,7.9,"Halichoeres poeyi"
"obis",-81.3974,24.56445,7.3,"Halichoeres poeyi"
"obis",-82.92488,24.58009,9.2,"Halichoeres poeyi"
"obis",-80.5812,24.89022,3.8,"Halichoeres poeyi"
"obis",-83.05885,24.61084,13.7,"Halichoeres poeyi"
"obis",-81.7070166,24.4813,8.1,"Halichoeres poeyi"
"obis",-80.1530034,25.3491064,6.9,"Halichoeres poeyi"
"obis",-82.95596,24.58778,14.8,"Halichoeres poeyi"
"obis",-81.620567,24.5051,4.9,"Halichoeres poeyi"
"obis",-80.3253332,25.0753667,6.1,"Halichoeres poeyi"
"obis",-80.3042166,25.1013667,4.4,"Halichoeres poeyi"
"obis",-81.50453,24.5258,7.2,"Halichoeres poeyi"
"obis",-80.2688667,25.1528667,7.6,"Halichoeres poeyi"
"obis",-81.4095499,24.5512334,2.9,"Halichoeres poeyi"
"obis",-80.2282333,25.2306167,3.7,"Halichoeres poeyi"
"obis",-80.687,24.8044,8.4,"Halichoeres poeyi"
"obis",-80.1001,25.66224,7.6,"Halichoeres poeyi"
"obis",-81.7420666,24.47535,6.6,"Halichoeres poeyi"
"obis",-82.90597,24.577,12.5,"Halichoeres poeyi"
"obis",-81.2125,24.599,9.1,"Halichoeres poeyi"
"obis",-81.7051499,24.4961334,5.6,"Halichoeres poeyi"
"obis",-81.84601,24.45842,8.4,"Halichoeres poeyi"
"obis",-80.959,24.6883167,4.7,"Halichoeres poeyi"
"obis",-82.8992,24.5874,7.9,"Halichoeres poeyi"
"obis",-80.10792,25.52748,7.5,"Halichoeres poeyi"
"obis",-81.0149,24.65867,7,"Halichoeres poeyi"
"obis",-80.1331166,25.4615,6.4,"Halichoeres poeyi"
"obis",-81.805,24.4701,9.6,"Halichoeres poeyi"
"obis",-80.1417,25.4674,4,"Halichoeres poeyi"
"obis",-82.8949833,24.7074833,15.1,"Halichoeres poeyi"
"obis",-80.29535,25.13005,5,"Halichoeres poeyi"
"obis",-81.1051833,24.6274833,7.3,"Halichoeres poeyi"
"obis",-81.6484167,24.49785,3.7,"Halichoeres poeyi"
"obis",-80.6156333,24.9047501,4.3,"Halichoeres poeyi"
"obis",-81.4635667,24.5670167,6.6,"Halichoeres poeyi"
"obis",-81.5721333,24.5094667,10.8,"Halichoeres poeyi"
"obis",-82.7943333,24.718,11.7,"Halichoeres poeyi"
"obis",-82.78515,24.6596333,9.6,"Halichoeres poeyi"
"obis",-80.3732666,25.0154333,5.3,"Halichoeres poeyi"
"obis",-82.8737,24.59965,5.3,"Halichoeres poeyi"
"obis",-81.6598833,24.49675,6.4,"Halichoeres poeyi"
"obis",-80.2267832,25.1968833,5.5,"Halichoeres poeyi"
"obis",-81.092167,24.631133,6.1,"Halichoeres poeyi"
"obis",-80.306883,25.107683,7.9,"Halichoeres poeyi"
"obis",-81.6742832,24.48785,10.1,"Halichoeres poeyi"
"obis",-82.8896833,24.6733167,10.8,"Halichoeres poeyi"
"obis",-80.1988999,25.2947333,8.9,"Halichoeres poeyi"
"obis",-82.9281333,24.5662,12.8,"Halichoeres poeyi"
"obis",-80.6253666,24.8440667,8.4,"Halichoeres poeyi"
"obis",-80.2308332,25.20965,4.4,"Halichoeres poeyi"
"obis",-80.4521499,24.9653001,4.1,"Halichoeres poeyi"
"obis",-80.75325,24.7686667,6.3,"Halichoeres poeyi"
"obis",-81.0595667,24.6401167,9.6,"Halichoeres poeyi"
"obis",-80.33468,25.06129,5.3,"Halichoeres poeyi"
"obis",-80.53879,24.91244,6.7,"Halichoeres poeyi"
"obis",-83.0721833,24.6197667,16.3,"Halichoeres poeyi"
"obis",-80.4500166,24.9671334,5,"Halichoeres poeyi"
"obis",-83.0872,24.634733,16.3,"Halichoeres poeyi"
"obis",-81.7264832,24.47875,9.8,"Halichoeres poeyi"
"obis",-80.10179,25.60641,5.2,"Halichoeres poeyi"
"obis",-64.99104,18.31822,12,"Halichoeres poeyi"
"obis",-81.5807499,24.5222834,2.6,"Halichoeres poeyi"
"obis",-80.27535,25.17606,2.6,"Halichoeres poeyi"
"obis",-80.61451,24.90317,3.9,"Halichoeres poeyi"
"obis",-82.83918,24.64307,7,"Halichoeres poeyi"
"obis",-80.1366876,25.4128603,6.4,"Halichoeres poeyi"
"obis",-80.75605,24.7551167,12.7,"Halichoeres poeyi"
"obis",-80.63165,24.8426833,7.6,"Halichoeres poeyi"
"obis",-81.1196,24.62685,7.8,"Halichoeres poeyi"
"obis",-81.8612,24.4570667,6.4,"Halichoeres poeyi"
"obis",-81.1256166,24.6270667,6.7,"Halichoeres poeyi"
"obis",-80.5582167,24.8931833,9.4,"Halichoeres poeyi"
"obis",-81.4091,24.550117,3,"Halichoeres poeyi"
"obis",-81.5899,24.5206667,6.7,"Halichoeres poeyi"
"obis",-80.3913333,25.0286167,3.7,"Halichoeres poeyi"
"obis",-80.1148999,25.53425,6.3,"Halichoeres poeyi"
"obis",-81.5814499,24.5215,3.7,"Halichoeres poeyi"
"obis",-81.75898,24.47228,11.4,"Halichoeres poeyi"
"obis",-80.4171167,25.0138167,3.7,"Halichoeres poeyi"
"obis",-83.02626,24.63361,18.3,"Halichoeres poeyi"
"obis",-80.0971167,25.6836333,8.2,"Halichoeres poeyi"
"obis",-80.1894166,25.2794333,10.7,"Halichoeres poeyi"
"obis",-83.089467,24.61125,17,"Halichoeres poeyi"
"obis",-80.2099499,25.2215333,6.6,"Halichoeres poeyi"
"obis",-80.0929832,25.58745,4.3,"Halichoeres poeyi"
"obis",-80.2337999,25.2851334,1.8,"Halichoeres poeyi"
"obis",-80.4164166,25.0116167,4.3,"Halichoeres poeyi"
"obis",-83.07215,24.647867,16.7,"Halichoeres poeyi"
"obis",-80.1330167,25.40435,1.7,"Halichoeres poeyi"
"obis",-67.978,10.508,3.5,"Halichoeres poeyi"
"obis",-81.8789333,24.4513334,8.5,"Halichoeres poeyi"
"obis",-80.2915666,25.1330833,8.7,"Halichoeres poeyi"
"obis",-82.96417,24.55805,20.4,"Halichoeres poeyi"
"obis",-80.308,25.10585,4.3,"Halichoeres poeyi"
"obis",-81.6619333,24.4951833,2.1,"Halichoeres poeyi"
"obis",-80.3730333,25.0667167,2.1,"Halichoeres poeyi"
"obis",-81.5893666,24.5481167,3.1,"Halichoeres poeyi"
"obis",-80.1776666,25.28955,9.4,"Halichoeres poeyi"
"obis",-83.093017,24.625483,20.3,"Halichoeres poeyi"
"obis",-80.4045667,25.0115,5.3,"Halichoeres poeyi"
"obis",-80.11766,25.47646,6.2,"Halichoeres poeyi"
"obis",-38.7,-17.95,NA,"Halichoeres poeyi"
"obis",-80.4355166,24.9878834,6.3,"Halichoeres poeyi"
"obis",-81.9151667,24.4578,8.1,"Halichoeres poeyi"
"obis",-80.1810832,25.3323167,4,"Halichoeres poeyi"
"obis",-80.1096667,25.5472,5.6,"Halichoeres poeyi"
"obis",-81.52386,24.52843,5.1,"Halichoeres poeyi"
"obis",-81.9148833,24.4580833,7.5,"Halichoeres poeyi"
"obis",-82.841217,24.63715,10.1,"Halichoeres poeyi"
"obis",-82.823,24.67828,9.8,"Halichoeres poeyi"
"obis",-81.8059833,24.478,9,"Halichoeres poeyi"
"obis",-80.7529333,24.76885,5.2,"Halichoeres poeyi"
"obis",-80.93075,24.7160833,8.5,"Halichoeres poeyi"
"obis",-81.8343833,24.4756,3.4,"Halichoeres poeyi"
"obis",-80.28634,25.16008,3.2,"Halichoeres poeyi"
"obis",-80.21099,25.22605,5.9,"Halichoeres poeyi"
"obis",-80.1349332,25.4624,5.3,"Halichoeres poeyi"
"obis",-82.84895,24.7127667,7.5,"Halichoeres poeyi"
"obis",-81.6059833,24.5054167,7.3,"Halichoeres poeyi"
"obis",-81.7150999,24.4832334,2.7,"Halichoeres poeyi"
"obis",-81.4700166,24.5648167,5.8,"Halichoeres poeyi"
"obis",-81.7086166,24.4864667,2.9,"Halichoeres poeyi"
"obis",-80.2991832,25.12125,8.4,"Halichoeres poeyi"
"obis",-81.43336,24.55319,7.2,"Halichoeres poeyi"
"obis",-81.1782,24.60925,10.4,"Halichoeres poeyi"
"obis",-81.26411,24.59639,9.3,"Halichoeres poeyi"
"obis",-81.85971,24.45667,4,"Halichoeres poeyi"
"obis",-80.1762999,25.4438834,2.1,"Halichoeres poeyi"
"obis",-80.486217,24.945717,5.6,"Halichoeres poeyi"
"obis",-82.86105,24.6975667,5,"Halichoeres poeyi"
"obis",-81.2305,24.5972,7.3,"Halichoeres poeyi"
"obis",-80.13026,25.41392,7.2,"Halichoeres poeyi"
"obis",-80.245706,25.268813,2.9,"Halichoeres poeyi"
"obis",-83.06002,24.62232,14.6,"Halichoeres poeyi"
"obis",-80.3184833,25.0749333,7.6,"Halichoeres poeyi"
"obis",-81.5312666,24.5215834,10.7,"Halichoeres poeyi"
"obis",-82.99417,24.71288,15.9,"Halichoeres poeyi"
"obis",-81.6217166,24.5118167,5.9,"Halichoeres poeyi"
"obis",-80.8879332,24.7025667,7.5,"Halichoeres poeyi"
"obis",-80.2186833,25.2244333,7,"Halichoeres poeyi"
"obis",-81.2326667,24.6256333,7.9,"Halichoeres poeyi"
"obis",-80.2546,25.192667,2.4,"Halichoeres poeyi"
"obis",-80.5053333,24.9235833,6.6,"Halichoeres poeyi"
"obis",-80.5354,24.918167,5.6,"Halichoeres poeyi"
"obis",-80.6571333,24.8270667,9.3,"Halichoeres poeyi"
"obis",-82.90162,24.70212,14,"Halichoeres poeyi"
"obis",-80.2396832,25.28045,3.1,"Halichoeres poeyi"
"obis",-81.8953833,24.4821167,4.3,"Halichoeres poeyi"
"obis",-80.1003499,25.5959333,5.6,"Halichoeres poeyi"
"obis",-80.25787,25.14288,6.7,"Halichoeres poeyi"
"obis",-81.8711083,12.1736083,2.65,"Halichoeres poeyi"
"obis",-81.5629166,24.5109667,9,"Halichoeres poeyi"
"obis",-80.35212,25.02909,15.7,"Halichoeres poeyi"
"obis",-80.61863,24.8483,4.4,"Halichoeres poeyi"
"obis",-80.374867,25.009867,5.2,"Halichoeres poeyi"
"obis",-80.1734667,25.3552833,6.3,"Halichoeres poeyi"
"obis",-81.83376,24.47534,6.1,"Halichoeres poeyi"
"obis",-83.06005,24.6363,14.2,"Halichoeres poeyi"
"obis",-80.3073999,25.10735,5.8,"Halichoeres poeyi"
"obis",-82.7892833,24.6957667,4,"Halichoeres poeyi"
"obis",-80.1837191,25.3294996,3.4,"Halichoeres poeyi"
"obis",-82.91685,24.58669,9.2,"Halichoeres poeyi"
"obis",-82.92488,24.58005,10.9,"Halichoeres poeyi"
"obis",-80.2163833,25.2365833,4.4,"Halichoeres poeyi"
"obis",-82.93182,24.6319,6.1,"Halichoeres poeyi"
"obis",-80.6843833,24.81915,5.6,"Halichoeres poeyi"
"obis",-81.22595,24.59543,9.1,"Halichoeres poeyi"
"obis",-80.2737167,25.1293,11.7,"Halichoeres poeyi"
"obis",-82.78577,24.67315,9.8,"Halichoeres poeyi"
"obis",-81.1779,24.6095,9.4,"Halichoeres poeyi"
"obis",-81.1151,24.6239,8.5,"Halichoeres poeyi"
"obis",-80.6217,24.8433,NA,"Halichoeres poeyi"
"obis",-81.6976,24.4828,10.4,"Halichoeres poeyi"
"obis",-80.0958332,25.6556,9,"Halichoeres poeyi"
"obis",-81.40302,24.55173,4.4,"Halichoeres poeyi"
"obis",-81.1482499,24.6259334,7.6,"Halichoeres poeyi"
"obis",-83.0632,24.6274167,15.8,"Halichoeres poeyi"
"obis",-80.1604816,25.4110775,4.1,"Halichoeres poeyi"
"obis",-80.2314667,25.2195833,3.1,"Halichoeres poeyi"
"obis",-82.8817667,24.5965333,5.9,"Halichoeres poeyi"
"obis",-80.1892166,25.2799667,11.4,"Halichoeres poeyi"
"obis",-80.8963667,24.7036667,6.3,"Halichoeres poeyi"
"obis",-81.8341166,24.4738,6.4,"Halichoeres poeyi"
"obis",-82.78793,24.65226,10.1,"Halichoeres poeyi"
"obis",-82.77958,24.6658,10.7,"Halichoeres poeyi"
"obis",-80.43933,24.98837,5.7,"Halichoeres poeyi"
"obis",-83.038,24.6410333,16.2,"Halichoeres poeyi"
"obis",-79.8450833333,15.7964166666,2,"Halichoeres poeyi"
"obis",-80.85685,24.72635,7.2,"Halichoeres poeyi"
"obis",-81.57709,24.54955,4.9,"Halichoeres poeyi"
"obis",-80.8091,24.7371,6.7,"Halichoeres poeyi"
"obis",-80.3731333,25.0109333,7,"Halichoeres poeyi"
"obis",-81.34445,24.56515,6.9,"Halichoeres poeyi"
"obis",-80.22783,25.20373,4.2,"Halichoeres poeyi"
"obis",-80.75488,24.76597,4.7,"Halichoeres poeyi"
"obis",-80.2239167,25.2119667,5.6,"Halichoeres poeyi"
"obis",-81.7054666,24.49635,11.9,"Halichoeres poeyi"
"obis",-82.9312,24.58225,12.8,"Halichoeres poeyi"
"obis",-80.13528,25.50261,7.2,"Halichoeres poeyi"
"obis",-80.7558832,24.7639833,8.7,"Halichoeres poeyi"
"obis",-81.8586083,12.1444417,2,"Halichoeres poeyi"
"obis",-83.0770167,24.6344167,16.2,"Halichoeres poeyi"
"obis",-81.6583667,24.4943,4.1,"Halichoeres poeyi"
"obis",-80.2276166,25.19555,7.2,"Halichoeres poeyi"
"obis",-82.82295,24.71557,6.4,"Halichoeres poeyi"
"obis",-82.88205,24.7068167,11.7,"Halichoeres poeyi"
"obis",-80.11388,25.57761,5.2,"Halichoeres poeyi"
"obis",-82.85393,24.644,6.1,"Halichoeres poeyi"
"obis",-83.0632167,24.6430167,16.2,"Halichoeres poeyi"
"obis",-83.06192,24.60026,24.7,"Halichoeres poeyi"
"obis",-81.70874,24.50683,9,"Halichoeres poeyi"
"obis",-80.45601,24.9528,14.2,"Halichoeres poeyi"
"obis",-81.9155666,24.4572834,9.9,"Halichoeres poeyi"
"obis",-81.5022666,24.5616167,4.4,"Halichoeres poeyi"
"obis",-59.65,13.25,NA,"Halichoeres poeyi"
"obis",-80.6246999,24.8444167,6.1,"Halichoeres poeyi"
"obis",-81.9055333,24.4503667,7.5,"Halichoeres poeyi"
"obis",-80.50405,24.9212833,11.6,"Halichoeres poeyi"
"obis",-80.97012,24.68188,5.8,"Halichoeres poeyi"
"obis",-80.6773666,24.8150333,8.4,"Halichoeres poeyi"
"obis",-82.84101,24.64119,9,"Halichoeres poeyi"
"obis",-81.39809,24.54747,8.1,"Halichoeres poeyi"
"obis",-83.06765,24.66665,18.6,"Halichoeres poeyi"
"obis",-80.49925,24.94648,4.7,"Halichoeres poeyi"
"obis",-81.0111833,24.6632167,4.4,"Halichoeres poeyi"
"obis",-80.44055,24.96548,24.7,"Halichoeres poeyi"
"obis",-81.63825,24.5331667,3.1,"Halichoeres poeyi"
"obis",-82.87807,24.59467,6.3,"Halichoeres poeyi"
"obis",-82.93205,24.63887,7.9,"Halichoeres poeyi"
"obis",-81.7226333,24.4810834,7.6,"Halichoeres poeyi"
"obis",-80.28138,25.11978,10.5,"Halichoeres poeyi"
"obis",-80.12833,25.41853,3,"Halichoeres poeyi"
"obis",-82.95735,24.6044667,13.3,"Halichoeres poeyi"
"obis",-82.81736,24.67177,12.2,"Halichoeres poeyi"
"obis",-81.6571833,24.56375,4,"Halichoeres poeyi"
